size,variant,read_kind,member_in_block,c,metric,count,mean,std,p10,p25,median,p75,p90,p99
57m,full,final,0,0.25,alpha_total_variation,27087,1.6158336880436162e-05,8.31858476661498e-05,0.0,0.0,0.0,0.0,0.0,0.0004515555012039807
57m,full,final,0,0.25,cosine_distance,27087,0.006957931941840746,0.0034803012228412197,0.002505803108215332,0.0043753087520599365,0.006758570671081543,0.009178459644317627,0.011465001106262206,0.01628065824508667
57m,full,final,0,0.25,relative_rms,27087,0.11706896742871371,0.032392900967118374,0.07190212011337281,0.09575145691633224,0.11987625807523727,0.13994120061397552,0.15640671253204347,0.18593166559934612
57m,full,final,0,0.5,alpha_total_variation,27087,5.831918388644452e-06,4.9699010332454835e-05,0.0,0.0,0.0,0.0,0.0,0.0002563406014814972
57m,full,final,0,0.5,cosine_distance,27087,0.003011058662123171,0.0014831842392187557,0.0011029958724975586,0.0019159018993377686,0.0029311180114746094,0.003960132598876953,0.004927325248718262,0.006928340196609497
57m,full,final,0,0.5,relative_rms,27087,0.07804539077390056,0.02159509232106578,0.047934749722480775,0.06383511424064636,0.0799095556139946,0.09329510852694511,0.10426991432905197,0.12395444408059118
57m,full,final,0,2.0,alpha_total_variation,27087,1.9571726155506285e-06,2.8500127044834147e-05,0.0,0.0,0.0,0.0,0.0,3.890371881425361e-06
57m,full,final,0,2.0,cosine_distance,27087,0.009846866989019556,0.00428130951745359,0.004126834869384766,0.006782650947570801,0.009816527366638184,0.012685596942901611,0.015358662605285647,0.02040664672851562
57m,full,final,0,2.0,relative_rms,27087,0.15608993109192407,0.043189180329428166,0.09589758366346361,0.12765654921531677,0.1598191261291504,0.18658826500177383,0.20853338539600375,0.2479088923335075
57m,full,final,0,4.0,alpha_total_variation,27087,2.2806270688330177e-06,3.078211586655546e-05,0.0,0.0,0.0,0.0,0.0,1.2014049571007457e-05
57m,full,final,0,4.0,cosine_distance,27087,0.06454704332603421,0.02302277608148088,0.032717442512512206,0.04933515191078186,0.06589257717132568,0.0804300308227539,0.09308640956878662,0.1149455642700195
57m,full,final,0,4.0,relative_rms,27087,0.46827139429079384,0.12956839355240152,0.2876084685325623,0.3829941600561142,0.47945737838745117,0.5597706437110901,0.6256001591682434,0.7437266707420348
57m,full,final,1,0.25,alpha_total_variation,27087,5.802713701010574e-07,7.395868766109195e-06,0.0,0.0,0.0,0.0,0.0,1.4357101172208779e-05
57m,full,final,1,0.25,cosine_distance,27087,0.045201842630935386,0.014815193939610203,0.02953134775161743,0.035042524337768555,0.0426027774810791,0.05222952365875244,0.06386525630950929,0.09487228035926816
57m,full,final,1,0.25,relative_rms,27087,0.2981848768205277,0.046734259020268225,0.2451055884361267,0.26620717346668243,0.2928653955459595,0.3238401412963867,0.3585870563983917,0.43869029760360717
57m,full,final,1,0.5,alpha_total_variation,27087,1.3261168137427628e-07,3.9937193539816855e-06,0.0,0.0,0.0,0.0,0.0,0.0
57m,full,final,1,0.5,cosine_distance,27087,0.01889610256199716,0.005742098080575492,0.012565016746520996,0.014888226985931396,0.017991065979003906,0.02185884118080139,0.0263380765914917,0.03685136318206787
57m,full,final,1,0.5,relative_rms,27087,0.19878995920342588,0.031156255489011554,0.1634037286043167,0.17747144401073456,0.19524359703063965,0.21589341759681702,0.2390624612569809,0.29246018409729
57m,full,final,1,2.0,alpha_total_variation,27087,2.4383562423188974e-08,1.0522748270604135e-06,0.0,0.0,0.0,0.0,0.0,0.0
57m,full,final,1,2.0,cosine_distance,27087,0.04362518283604088,0.009049794136442808,0.032414805889129636,0.037324219942092896,0.04324859380722046,0.049609094858169556,0.055469417572021486,0.06587472915649414
57m,full,final,1,2.0,relative_rms,27087,0.3975797493537364,0.062312496904502176,0.32680744528770445,0.3549429029226303,0.39047518372535706,0.43178683519363403,0.4781249225139618,0.5849203598499298
57m,full,final,1,4.0,alpha_total_variation,27087,2.7234708477658424e-08,1.091152216933126e-06,0.0,0.0,0.0,0.0,0.0,0.0
57m,full,final,1,4.0,cosine_distance,27087,0.1855047552095421,0.03356682366230398,0.1444111943244934,0.16371440887451172,0.18547743558883667,0.2074144184589386,0.22713876962661744,0.26576860547065734
57m,full,final,1,4.0,relative_rms,27087,1.1927393686293006,0.18693740769985923,0.9804223537445068,1.0648286938667297,1.171425461769104,1.2953606247901917,1.4343746900558472,1.7547611904144287
57m,full,final,2,0.25,alpha_total_variation,27087,2.3357960335886873e-05,0.00011390360295186789,0.0,0.0,0.0,0.0,4.6336557716131485e-06,0.0007478812243789434
57m,full,final,2,0.25,cosine_distance,27087,0.007038306161432861,0.007369699606598017,0.0007911443710327151,0.002145707607269287,0.004793405532836914,0.009516358375549316,0.015818953514099125,0.03415937781333922
57m,full,final,2,0.25,relative_rms,27087,0.10516554039833223,0.05462608209928999,0.039876784384250644,0.06563181802630424,0.097965307533741,0.1378360316157341,0.17759298086166384,0.25987650930881495
57m,full,final,2,0.5,alpha_total_variation,27087,8.412125271580986e-06,6.776214095201631e-05,0.0,0.0,0.0,0.0,0.0,0.0002832933468744157
57m,full,final,2,0.5,cosine_distance,27087,0.003090395971703037,0.003187856718276489,0.00035085678100585946,0.0009506046772003174,0.00212019681930542,0.00419086217880249,0.00695314407348633,0.01480545759201049
57m,full,final,2,0.5,relative_rms,27087,0.07010883820024953,0.03641668676060283,0.02658474370837212,0.04375302977859974,0.0653073713183403,0.09188492968678474,0.1183993324637413,0.17325947910547249
57m,full,final,2,2.0,alpha_total_variation,27087,2.721387524087347e-06,3.838050721831484e-05,0.0,0.0,0.0,0.0,0.0,2.2697290405631058e-05
57m,full,final,2,2.0,cosine_distance,27087,0.010619414577972816,0.00935757987003462,0.0013887286186218262,0.0036821365356445312,0.007985353469848633,0.015007615089416504,0.023410511016845707,0.041710019111633294
57m,full,final,2,2.0,relative_rms,27087,0.1402157071742367,0.07283165785663573,0.05314795523881913,0.08750563859939575,0.1306147426366806,0.1838023066520691,0.236781445145607,0.34651895821094497
57m,full,final,2,4.0,alpha_total_variation,27087,3.5387339200508867e-06,4.468359573110235e-05,0.0,0.0,0.0,0.0,0.0,4.682390019297594e-05
57m,full,final,2,4.0,cosine_distance,27087,0.07115400138740836,0.05028116512940435,0.012121772766113283,0.030659973621368408,0.06156480312347412,0.10380709171295166,0.1440994501113892,0.20653578400611872
57m,full,final,2,4.0,relative_rms,27087,0.4206451835415345,0.21849319024865418,0.15946013629436495,0.26251690089702606,0.391844242811203,0.5514069199562073,0.7103443145751953,1.039556789398193
57m,full,final,3,0.25,alpha_total_variation,27087,3.432057564863248e-07,4.344304843823097e-06,0.0,0.0,0.0,0.0,0.0,8.604954928159666e-06
57m,full,final,3,0.25,cosine_distance,27087,0.05823733042424297,0.014993188478760102,0.0411218523979187,0.048151105642318726,0.05658751726150513,0.06617450714111328,0.07751013040542602,0.1025587677955627
57m,full,final,3,0.25,relative_rms,27087,0.34073482695051693,0.044638723777412584,0.2877695977687836,0.3119385242462158,0.33835750818252563,0.36602145433425903,0.39640644788742063,0.46900219857692715
57m,full,final,3,0.5,alpha_total_variation,27087,7.42677470153617e-08,1.8783837896390527e-06,0.0,0.0,0.0,0.0,0.0,0.0
57m,full,final,3,0.5,cosine_distance,27087,0.023803340047284315,0.0055620836697773375,0.01728711128234863,0.020067542791366577,0.02332019805908203,0.02695402503013611,0.031066966056823735,0.03936474561691284
57m,full,final,3,0.5,relative_rms,27087,0.2271565289558461,0.029759148189552435,0.19184640645980836,0.20795901864767075,0.22557102143764496,0.24401430785655975,0.264270955324173,0.31266813814640043
57m,full,final,3,2.0,alpha_total_variation,27087,1.9497591553116117e-08,1.0370545005425592e-06,0.0,0.0,0.0,0.0,0.0,0.0
57m,full,final,3,2.0,cosine_distance,27087,0.04784942307019632,0.008647992262324624,0.03754594326019287,0.042172759771347046,0.04735767841339111,0.05298227071762085,0.05878397226333618,0.07117847323417663
57m,full,final,3,2.0,relative_rms,27087,0.45431272037648834,0.059518258215462284,0.3836928248405457,0.4159180521965027,0.451143354177475,0.4880285859107971,0.5285419464111328,0.6253362762928009
57m,full,final,3,4.0,alpha_total_variation,27087,2.6900393173676743e-08,1.2164260229677371e-06,0.0,0.0,0.0,0.0,0.0,0.0
57m,full,final,3,4.0,cosine_distance,27087,0.1846790494688916,0.03508295267909624,0.140292489528656,0.16187259554862976,0.18490582704544067,0.2075570821762085,0.22836806774139404,0.2691417944431304
57m,full,final,3,4.0,relative_rms,27087,1.3629386491297037,0.17855455972766632,1.151078462600708,1.2477540969848633,1.3534300327301025,1.4640857577323914,1.5856257915496825,1.8760087943077086
57m,full,next_sublayer,0,0.25,alpha_total_variation,135435,3.6070748554573536e-05,0.00014480585734749507,0.0,0.0,0.0,0.0,6.181369535624987e-05,0.0008700081473216423
57m,full,next_sublayer,0,0.25,cosine_distance,135435,0.009176459093094225,0.018845650394978094,0.00011491775512695312,0.0003796815872192383,0.0032369494438171387,0.008500933647155762,0.020053732395172122,0.1033697700500489
57m,full,next_sublayer,0,0.25,relative_rms,135435,0.09847270402256376,0.09304879293280768,0.015179612115025524,0.027589241042733192,0.08076710999011993,0.13123002648353577,0.2004644930362702,0.45321349084377294
57m,full,next_sublayer,0,0.5,alpha_total_variation,135435,1.2407895977875909e-05,8.342057580088283e-05,0.0,0.0,0.0,0.0,0.0,0.0003686246275901796
57m,full,next_sublayer,0,0.5,cosine_distance,135435,0.003840519258181782,0.007437931153411656,5.1081180572509766e-05,0.00016868114471435547,0.001431107521057129,0.003726482391357422,0.008707726001739507,0.04003578066825869
57m,full,next_sublayer,0,0.5,relative_rms,135435,0.06564800589053857,0.062032164406084056,0.010118199698626996,0.018391910940408707,0.05384323373436928,0.08749061822891235,0.13363799452781677,0.30212390482425705
57m,full,next_sublayer,0,2.0,alpha_total_variation,135435,4.654807180622708e-06,4.9873752102167805e-05,0.0,0.0,0.0,0.0,0.0,0.0001682862080633647
57m,full,next_sublayer,0,2.0,cosine_distance,135435,0.010043229525388619,0.013425373412442869,0.00020396709442138672,0.0006712079048156738,0.005430698394775391,0.013013482093811035,0.027132022380828867,0.05740769386291504
57m,full,next_sublayer,0,2.0,relative_rms,135435,0.13129430801245223,0.12406246493837898,0.020239476114511497,0.03678303211927414,0.10767942667007446,0.17497676610946655,0.2672609210014345,0.6040843701362613
57m,full,next_sublayer,0,4.0,alpha_total_variation,135435,5.310996533384058e-06,5.296676714754549e-05,0.0,0.0,0.0,0.0,0.0,0.00019593581557273971
57m,full,next_sublayer,0,4.0,cosine_distance,135435,0.057309243103574756,0.05744444559960358,0.00182797908782959,0.005949258804321289,0.04336327314376831,0.08904975652694702,0.14972971677780153,0.20899220228195192
57m,full,next_sublayer,0,4.0,relative_rms,135435,0.393882377695051,0.37218709099330144,0.060728804767131814,0.11034910380840302,0.3230382800102234,0.5249200761318207,0.8017827510833746,1.812253208160401
57m,full,next_sublayer,1,0.25,alpha_total_variation,135435,2.281801914192818e-06,1.696553042238432e-05,0.0,0.0,0.0,0.0,0.0,7.201731204986572e-05
57m,full,next_sublayer,1,0.25,cosine_distance,135435,0.04111156744537469,0.04561475895862528,0.003491044044494629,0.00918036699295044,0.02347862720489502,0.05403602123260498,0.11592218875885014,0.1844489574432373
57m,full,next_sublayer,1,0.25,relative_rms,135435,0.2621208056496011,0.16285480946301129,0.08464480638504028,0.139346644282341,0.22402603924274445,0.3477814197540283,0.5252129435539246,0.6899566113948822
57m,full,next_sublayer,1,0.5,alpha_total_variation,135435,5.63544984963987e-07,8.691111911582334e-06,0.0,0.0,0.0,0.0,0.0,7.3698163032532e-06
57m,full,next_sublayer,1,0.5,cosine_distance,135435,0.014341983090305389,0.013074203546855982,0.0015372276306152345,0.003969699144363403,0.009874701499938965,0.02107587456703186,0.036083412170410153,0.049812999963760395
57m,full,next_sublayer,1,0.5,relative_rms,135435,0.17474720729101678,0.10856985367605711,0.056429870426654816,0.09289214760065079,0.14935068786144257,0.23185427486896515,0.3501419723033905,0.459971067905426
57m,full,next_sublayer,1,2.0,alpha_total_variation,135435,1.3712868095819582e-07,4.090071419384661e-06,0.0,0.0,0.0,0.0,0.0,0.0
57m,full,next_sublayer,1,2.0,cosine_distance,135435,0.023158779289343342,0.013600802476409806,0.005650055408477784,0.012590497732162476,0.022601008415222168,0.03136336803436279,0.041696369647979736,0.058866869211196916
57m,full,next_sublayer,1,2.0,relative_rms,135435,0.34949456835551734,0.21713964132085312,0.11285974085330963,0.18578429520130157,0.29870134592056274,0.4637085497379303,0.700283944606781,0.9199420964717865
57m,full,next_sublayer,1,4.0,alpha_total_variation,135435,1.676345873458637e-07,4.493375652466441e-06,0.0,0.0,0.0,0.0,0.0,0.0
57m,full,next_sublayer,1,4.0,cosine_distance,135435,0.10017668311371555,0.04705689985568408,0.037976515293121335,0.06680020689964294,0.09825146198272705,0.1329803764820099,0.16479997634887697,0.20693171739578248
57m,full,next_sublayer,1,4.0,relative_rms,135435,1.0484836668132036,0.6514187880205403,0.3385792255401611,0.5573529005050659,0.8961040377616882,1.3911256790161133,2.1008517742156982,2.7598264455795287
57m,full,next_sublayer,2,0.25,alpha_total_variation,135435,5.39443210509766e-05,0.0002443513338896894,0.0,0.0,0.0,0.0,0.0,0.0015426631830632695
57m,full,next_sublayer,2,0.25,cosine_distance,135435,0.011118919205884757,0.012462520307013229,3.4809112548828125e-05,0.002733856439590454,0.008151412010192871,0.014977753162384033,0.024592041969299327,0.06219066500663758
57m,full,next_sublayer,2,0.25,relative_rms,135435,0.12517929595479632,0.08131128492029298,0.008384072035551072,0.07402891293168068,0.12781454622745514,0.1731446161866188,0.22170923948287966,0.3538913768529893
57m,full,next_sublayer,2,0.5,alpha_total_variation,135435,1.747475175699843e-05,0.00013834055488352493,0.0,0.0,0.0,0.0,0.0,0.0007059311866760268
57m,full,next_sublayer,2,0.5,cosine_distance,135435,0.004796570242188427,0.0051784818549497945,1.5497207641601562e-05,0.0012115240097045898,0.003593623638153076,0.006555914878845215,0.010638952255249025,0.02539661526679994
57m,full,next_sublayer,2,0.5,relative_rms,135435,0.08345004089895974,0.054205548376992554,0.005589481256902218,0.049352848902344704,0.08520969748497009,0.11542784795165062,0.1478071004152298,0.23592758476734169
57m,full,next_sublayer,2,2.0,alpha_total_variation,135435,6.669735394133689e-06,8.584590425302508e-05,0.0,0.0,0.0,0.0,0.0,4.038474056869792e-05
57m,full,next_sublayer,2,2.0,cosine_distance,135435,0.014625677989118673,0.012317596180205758,6.210803985595703e-05,0.004679977893829346,0.012958109378814697,0.021811634302139282,0.031689572334289554,0.04951020836830142
57m,full,next_sublayer,2,2.0,relative_rms,135435,0.16689668528217286,0.10840832243570556,0.01118060685694218,0.09870569780468941,0.1704203188419342,0.23084070533514023,0.2956090152263641,0.47185516953468337
57m,full,next_sublayer,2,4.0,alpha_total_variation,135435,7.878065341043499e-06,9.286481228771643e-05,0.0,0.0,0.0,0.0,0.0,8.518134243786411e-05
57m,full,next_sublayer,2,4.0,cosine_distance,135435,0.08709023711284133,0.05953099899505198,0.0005604863166809083,0.03836756944656372,0.09148907661437988,0.13388758897781372,0.16569967269897462,0.20203248023986817
57m,full,next_sublayer,2,4.0,relative_rms,135435,0.5006886568925795,0.32522481232123285,0.03354182094335557,0.2961145490407944,0.5112581849098206,0.6925288438796997,0.8868270635604859,1.4155655074119573
57m,full,next_sublayer,3,0.25,alpha_total_variation,135435,3.9905257286576045e-06,5.0413539363489865e-05,0.0,0.0,0.0,0.0,0.0,7.57687212899328e-05
57m,full,next_sublayer,3,0.25,cosine_distance,135435,0.07033067290496953,0.04917711751153162,0.004374897480010987,0.02753758430480957,0.06727862358093262,0.11023607850074768,0.13892768621444704,0.1712971520423889
57m,full,next_sublayer,3,0.25,relative_rms,135435,0.3748771317544203,0.18266746894652008,0.09380518198013306,0.23986976593732834,0.3909265100955963,0.5290042161941528,0.6048295378684998,0.6818455743789674
57m,full,next_sublayer,3,0.5,alpha_total_variation,135435,9.344519871130367e-07,2.4785427847612218e-05,0.0,0.0,0.0,0.0,0.0,0.0
57m,full,next_sublayer,3,0.5,cosine_distance,135435,0.02287828856917206,0.013938286570576193,0.0019312381744384767,0.011588364839553833,0.024262309074401855,0.03408312797546387,0.040504539012908944,0.04968471050262452
57m,full,next_sublayer,3,0.5,relative_rms,135435,0.2499179070734129,0.12177810883878201,0.06253678351640701,0.15991318225860596,0.2606176733970642,0.35266758501529694,0.40322543382644654,0.45456369996070867
57m,full,next_sublayer,3,2.0,alpha_total_variation,135435,2.361785234471455e-07,1.1789438349878309e-05,0.0,0.0,0.0,0.0,0.0,0.0
57m,full,next_sublayer,3,2.0,cosine_distance,135435,0.026546356267133732,0.012994809690465873,0.0070496082305908205,0.016508877277374268,0.02842634916305542,0.03617376089096069,0.04212874174118043,0.054051835536956805
57m,full,next_sublayer,3,2.0,relative_rms,135435,0.49983568819745916,0.24355621726651036,0.12506470382213594,0.3198263645172119,0.5212368965148926,0.7053351700305939,0.8064635396003723,0.9091274392604829
57m,full,next_sublayer,3,4.0,alpha_total_variation,135435,3.180980776100124e-07,1.4238352328062943e-05,0.0,0.0,0.0,0.0,0.0,0.0
57m,full,next_sublayer,3,4.0,cosine_distance,135435,0.09572358508924579,0.044777260086673445,0.03891911506652832,0.057468414306640625,0.09305715560913086,0.13172456622123718,0.15614451169967652,0.19354845285415653
57m,full,next_sublayer,3,4.0,relative_rms,135435,1.4995065437655606,0.7306680972816021,0.3751941025257111,0.9594790637493134,1.5637106895446777,2.1160054206848145,2.4193703174591064,2.7273822975158697
57m,full,final,all,0.25,alpha_total_variation,108348,1.0109943585727603e-05,7.135437040987157e-05,0.0,0.0,0.0,0.0,0.0,0.00031173177529126406
57m,full,final,all,0.25,cosine_distance,108348,0.02935885278961299,0.025473935185479676,0.002555173635482788,0.0059956759214401245,0.024588018655776978,0.04996822774410248,0.06388163566589355,0.09314780116081237
57m,full,final,all,0.25,relative_rms,108348,0.21528855289952264,0.11466554468379092,0.07204849421977996,0.11158604361116886,0.22291391342878342,0.317233569920063,0.359717121720314,0.43734521239995955
57m,full,final,all,0.5,alpha_total_variation,108348,3.612730772153769e-06,4.2230819389015305e-05,0.0,0.0,0.0,0.0,0.0,5.7744239456951414e-05
57m,full,final,all,0.5,cosine_distance,108348,0.01220022431077692,0.010285518327921319,0.001129370927810669,0.002624794840812683,0.010570287704467773,0.020858779549598694,0.02615081071853638,0.0359847342967987
57m,full,final,all,0.5,relative_rms,108348,0.1435251792833555,0.07644410152681766,0.04803176671266556,0.07439069636166096,0.14861604571342468,0.21148903667926788,0.2398114249110222,0.2915634801983833
57m,full,final,all,2.0,alpha_total_variation,108348,1.1806103234035702e-06,2.394350343376137e-05,0.0,0.0,0.0,0.0,0.0,0.0
57m,full,final,all,2.0,cosine_distance,108348,0.027985221868307396,0.01957259886501351,0.00430513620376587,0.009188815951347351,0.028826475143432617,0.04551982879638672,0.05303555130958557,0.06587125420570374
57m,full,final,all,2.0,relative_rms,108348,0.28704952699909636,0.15288845470820234,0.09606465920805932,0.14878139272332191,0.29723989963531494,0.42297807335853577,0.4796228498220444,0.5831269007921218
57m,full,final,all,4.0,alpha_total_variation,108348,1.46837402263381e-06,2.7184248950337185e-05,0.0,0.0,0.0,0.0,0.0,0.0
57m,full,final,all,4.0,cosine_distance,108348,0.12647121234796907,0.06925225091526938,0.03477714657783508,0.06466682255268097,0.13408786058425903,0.18622399866580963,0.2134365975856781,0.2561263900995254
57m,full,final,all,4.0,relative_rms,108348,0.8611486488978332,0.45866546030660366,0.2881933867931366,0.4463421627879143,0.8917196393013,1.268934279680252,1.4388685703277588,1.7493808495998382
57m,full,next_sublayer,all,0.25,alpha_total_variation,541740,2.4071849312100138e-05,0.0001461335594095069,0.0,0.0,0.0,0.0,0.0,0.0008102600136771776
57m,full,next_sublayer,all,0.25,cosine_distance,541740,0.0329344046623308,0.04334532940766495,0.0002803802490234375,0.0036780089139938354,0.011970549821853638,0.04750484228134155,0.10516081452369694,0.16783193886280057
57m,full,next_sublayer,all,0.25,relative_rms,541740,0.21516248434534538,0.17648372988722652,0.0237056165933609,0.08613712340593338,0.15632343292236328,0.3190964385867119,0.5093557178974152,0.6668083876371383
57m,full,next_sublayer,all,0.5,alpha_total_variation,541740,7.845161176737842e-06,8.21603338779701e-05,0.0,0.0,0.0,0.0,0.0,0.00021097719669341958
57m,full,next_sublayer,all,0.5,cosine_distance,541740,0.011464340289961914,0.013119555756717844,0.0001245737075805664,0.0016249865293502808,0.005217194557189941,0.01897771656513214,0.03362668156623842,0.0472914707660675
57m,full,next_sublayer,all,0.5,relative_rms,541740,0.143440790288482,0.11765588306201948,0.015804591588675976,0.057423978112638,0.1042129248380661,0.21273095533251762,0.33957042396068576,0.4445389112830162
57m,full,next_sublayer,all,2.0,alpha_total_variation,541740,2.9244624447904345e-06,5.011149376368644e-05,0.0,0.0,0.0,0.0,0.0,1.9358564168214668e-06
57m,full,next_sublayer,all,2.0,cosine_distance,541740,0.018593510767746093,0.014652228229094249,0.0004963219165802003,0.006109058856964111,0.016222000122070312,0.029175862669944763,0.039273387193679815,0.05566917002201078
57m,full,next_sublayer,all,2.0,relative_rms,541740,0.28688031246190043,0.2353118818980263,0.03160800114274025,0.11484704911708832,0.2084215134382248,0.42546193301677704,0.6791441679000856,0.8890778225660324
57m,full,next_sublayer,all,4.0,alpha_total_variation,541740,3.418698634845858e-06,5.407384480754301e-05,0.0,0.0,0.0,0.0,0.0,1.2496039271354259e-05
57m,full,next_sublayer,all,4.0,cosine_distance,541740,0.08507493710484436,0.055180636663594906,0.004421436786651612,0.0423462837934494,0.08377480506896973,0.12647804617881775,0.16073870062828072,0.20397810995578763
57m,full,next_sublayer,all,4.0,relative_rms,541740,0.8606403112915987,0.7059355612079095,0.09482400268316268,0.34454115480184555,0.6252623200416565,1.27638578414917,2.0374274253845215,2.6672335505485534
57m,block4,final,0,0.25,alpha_total_variation,27087,0.012803453644400995,0.003909426250170054,0.008287421613931657,0.010565238073468208,0.012819263152778149,0.015119488351047039,0.01739536374807358,0.02281840659677982
57m,block4,final,0,0.25,cosine_distance,27087,0.001577929063339225,0.0007242196326172546,0.0008165240287780763,0.0010828077793121338,0.0014533400535583496,0.0019178390502929688,0.0024680614471435554,0.003965648412704464
57m,block4,final,0,0.25,relative_rms,27087,0.05917629368351411,0.011392326669804914,0.04614425078034401,0.051634278148412704,0.05826947093009949,0.06569190323352814,0.07347339391708374,0.09170326188206672
57m,block4,final,0,0.5,alpha_total_variation,27087,0.008488372369153742,0.0026009378222894763,0.005462092533707619,0.007011450827121735,0.008497674018144608,0.01005301857367158,0.011530546844005585,0.015087295770645139
57m,block4,final,0,0.5,cosine_distance,27087,0.0007048361755691063,0.0003247450834657158,0.00036323070526123047,0.0004824697971343994,0.0006480216979980469,0.0008591413497924805,0.0011055111885070802,0.0017760050296783446
57m,block4,final,0,0.5,relative_rms,27087,0.03976745426460347,0.007695324935614733,0.030956263840198516,0.03465469926595688,0.039124924689531326,0.044189153239130974,0.04949900507926941,0.06172663651406763
57m,block4,final,0,2.0,alpha_total_variation,27087,0.016208582365281,0.004881702759014485,0.010431206971406938,0.013519752770662308,0.01636386103928089,0.019214250147342682,0.021886078640818596,0.027903627417981622
57m,block4,final,0,2.0,cosine_distance,27087,0.0028208424474910746,0.0012970671692897446,0.0014364600181579592,0.0019218027591705322,0.002598583698272705,0.0034554004669189453,0.004441261291503908,0.007059638500213619
57m,block4,final,0,2.0,relative_rms,27087,0.08268895008003575,0.016218341474352707,0.06396215111017227,0.07187025994062424,0.0814751461148262,0.09211030974984169,0.10321709513664247,0.12842351049184791
57m,block4,final,0,4.0,alpha_total_variation,27087,0.044548955010808244,0.013383787276246435,0.02810538075864315,0.03766045346856117,0.04555816575884819,0.05295381136238575,0.05986047461628915,0.07343800991773605
57m,block4,final,0,4.0,cosine_distance,27087,0.024060772989976314,0.010480831017011048,0.012440407276153566,0.016647756099700928,0.02239704132080078,0.02953094244003296,0.03757171630859375,0.05722184062004089
57m,block4,final,0,4.0,relative_rms,27087,0.25731485226086814,0.05020157802066325,0.1990664631128311,0.22384639829397202,0.25380802154541016,0.2870611399412155,0.3212077021598816,0.3951454609632492
57m,block4,final,1,0.25,alpha_total_variation,27087,0.02846787625070857,0.02055034998325692,0.005095767229795457,0.012684023007750511,0.025034870952367783,0.04004121944308281,0.055587918311357495,0.091356343626976
57m,block4,final,1,0.25,cosine_distance,27087,0.07852822166126987,0.028985639003478066,0.047241401672363285,0.05815872550010681,0.07304739952087402,0.09343358874320984,0.11846071481704712,0.16646631598472592
57m,block4,final,1,0.25,relative_rms,27087,0.4016747343328725,0.07204605577304371,0.3170724749565125,0.3522282838821411,0.3940325677394867,0.44417156279087067,0.4988515675067902,0.6013191282749174
57m,block4,final,1,0.5,alpha_total_variation,27087,0.013900753931274866,0.011338211961823977,0.0022199185565114025,0.005325432866811752,0.011325441300868988,0.019670586101710796,0.02878445833921433,0.05064891919493673
57m,block4,final,1,0.5,cosine_distance,27087,0.02975488023935382,0.008879330647241088,0.01941101551055908,0.02343541383743286,0.028645753860473633,0.035177081823349,0.04200888872146607,0.05337988734245299
57m,block4,final,1,0.5,relative_rms,27087,0.2681232291265624,0.04679762572651609,0.21249066591262816,0.2361537516117096,0.26400187611579895,0.29615984857082367,0.3301377534866333,0.3971235674619675
57m,block4,final,1,2.0,alpha_total_variation,27087,0.010177022527656314,0.00917096556219828,0.0016113121062517168,0.004019778221845627,0.008331790566444397,0.01382349245250225,0.02019850239157677,0.04177376687526698
57m,block4,final,1,2.0,cosine_distance,27087,0.04125921128221924,0.007287394195219458,0.0334314227104187,0.0366518497467041,0.040531158447265625,0.04500254988670349,0.049787616729736334,0.06326789855957028
57m,block4,final,1,2.0,relative_rms,27087,0.5113138463119162,0.08745805811326506,0.40734620690345763,0.45287345349788666,0.5047216415405273,0.5626057386398315,0.622080945968628,0.7644504916667938
57m,block4,final,1,4.0,alpha_total_variation,27087,0.01729309936099264,0.014438860982238452,0.003140666335821152,0.007378561422228813,0.014842808246612549,0.02383001521229744,0.03293756693601609,0.06280036374926558
57m,block4,final,1,4.0,cosine_distance,27087,0.14057000902583047,0.026453274197095644,0.11109997034072876,0.12439477443695068,0.1387263536453247,0.15465828776359558,0.17199313640594485,0.21939054250717158
57m,block4,final,1,4.0,relative_rms,27087,1.4904108115018357,0.26317140909081854,1.1800295114517212,1.315274953842163,1.4686249494552612,1.6418250799179077,1.8224791765213013,2.265283989906311
57m,block4,final,2,0.25,alpha_total_variation,27087,0.01033484445386688,0.005717765726284152,0.003908757492899895,0.006571317091584206,0.009632056578993797,0.013147941790521145,0.017303270846605302,0.028758981898427
57m,block4,final,2,0.25,cosine_distance,27087,0.004547310633776781,0.003519645990504163,0.002100968360900879,0.002742767333984375,0.003717184066772461,0.0052252113819122314,0.007509183883666993,0.01824325561523436
57m,block4,final,2,0.25,relative_rms,27087,0.09192614429523925,0.027328296100664666,0.06531849205493927,0.07460671663284302,0.08672185987234116,0.10272115841507912,0.12313318848609925,0.19056036114692684
57m,block4,final,2,0.5,alpha_total_variation,27087,0.007088518544365074,0.0038829731889028145,0.0026983374729752543,0.004548121243715286,0.006636211648583412,0.008998904377222061,0.011717666685581208,0.019583550915122025
57m,block4,final,2,0.5,cosine_distance,27087,0.0019765051381111886,0.0014883923372550729,0.0009210109710693359,0.0011996328830718994,0.0016236305236816406,0.002274423837661743,0.0032493233680725105,0.00781960487365722
57m,block4,final,2,0.5,relative_rms,27087,0.060676889508846005,0.01788202698253994,0.043239394575357436,0.04932941682636738,0.05728369951248169,0.06779247149825096,0.08116458505392075,0.12560416102409358
57m,block4,final,2,2.0,alpha_total_variation,27087,0.015523597825070058,0.007525253658629944,0.00727512426674366,0.010633917059749365,0.014609241858124733,0.019257483072578907,0.02443254292011261,0.040266935378313065
57m,block4,final,2,2.0,cosine_distance,27087,0.006515676427240471,0.00376086287712763,0.0033078074455261232,0.004243254661560059,0.005616605281829834,0.0076410770416259766,0.010501396656036381,0.021501297950744618
57m,block4,final,2,2.0,relative_rms,27087,0.11240876624787369,0.030346780551650375,0.08177653104066848,0.09270583465695381,0.10693655163049698,0.1253550946712494,0.14817533791065216,0.22376986235380167
57m,block4,final,2,4.0,alpha_total_variation,27087,0.04534954918414648,0.01825309512360039,0.02428841628134251,0.03314728103578091,0.043594781309366226,0.055357906967401505,0.06771054565906526,0.10068512380123137
57m,block4,final,2,4.0,cosine_distance,27087,0.04317659017065943,0.01868250932308549,0.02463507652282715,0.030745774507522583,0.03934454917907715,0.05086702108383179,0.06596391201019287,0.11251724362373348
57m,block4,final,2,4.0,relative_rms,27087,0.30096037234825895,0.07498079836600964,0.2246217370033264,0.25213561952114105,0.2876436114311218,0.33327555656433105,0.39020658135414127,0.5707021152973171
57m,block4,final,3,0.25,alpha_total_variation,27087,0.014766843533938671,0.011634025421180534,0.0024358836933970453,0.006131852976977825,0.012544389814138412,0.020658813416957855,0.029318629205226904,0.05288146950304504
57m,block4,final,3,0.25,cosine_distance,27087,0.058092807409317694,0.018647790173382337,0.0380841851234436,0.04581326246261597,0.0551602840423584,0.06656986474990845,0.08164145946502686,0.11950372099876402
57m,block4,final,3,0.25,relative_rms,27087,0.33914243504248237,0.052273288131288516,0.2786404490470886,0.30549363791942596,0.33490583300590515,0.36720089614391327,0.4044463872909546,0.4931899893283842
57m,block4,final,3,0.5,alpha_total_variation,27087,0.009259871873564779,0.007741093712249518,0.0015502780675888063,0.0035585607402026653,0.007524048909544945,0.012845344375818968,0.01899348646402359,0.03540506206452846
57m,block4,final,3,0.5,cosine_distance,27087,0.02331991544808291,0.006907974709630241,0.015811669826507568,0.01877656579017639,0.02229630947113037,0.0265921950340271,0.032271945476531984,0.04479420065879822
57m,block4,final,3,0.5,relative_rms,27087,0.2239510261932604,0.03407163823038311,0.18462041020393372,0.20187751203775406,0.2210651934146881,0.24203700572252274,0.26691784858703616,0.3225649631023407
57m,block4,final,3,2.0,alpha_total_variation,27087,0.01557327322324583,0.012046199060451426,0.002387375384569169,0.0061275409534573555,0.013108634389936924,0.022349285893142223,0.032117904722690584,0.052345367968082424
57m,block4,final,3,2.0,cosine_distance,27087,0.04201311003080514,0.010039972444071444,0.030888450145721436,0.03529638051986694,0.04064643383026123,0.04719263315200806,0.054625010490417486,0.07342240095138547
57m,block4,final,3,2.0,relative_rms,27087,0.4092150945162093,0.07018246427759575,0.32881301641464233,0.36200661957263947,0.40070757269859314,0.44638682901859283,0.5008208513259887,0.6170938110351561
57m,block4,final,3,4.0,alpha_total_variation,27087,0.03344365538816137,0.023014962789563862,0.0064892265945673015,0.015703316777944565,0.029900752007961273,0.046890538185834885,0.06420663297176361,0.10095583230257031
57m,block4,final,3,4.0,cosine_distance,27087,0.16171630802100673,0.03402746743115634,0.1204989194869995,0.13834750652313232,0.1593955159187317,0.18296051025390625,0.20553927421569826,0.25373560428619374
57m,block4,final,3,4.0,relative_rms,27087,1.1598943337810772,0.22709768466284863,0.898370897769928,1.0066667795181274,1.1315580606460571,1.2812596559524536,1.4599632263183595,1.824554259777069
57m,block4,next_sublayer,0,0.25,alpha_total_variation,135435,0.01149708863070851,0.009637629150203065,0.0017173631116747857,0.003872893750667572,0.008259698748588562,0.017262323759496212,0.02696490213274956,0.037089007273316384
57m,block4,next_sublayer,0,0.25,cosine_distance,135435,0.003782949989128162,0.002541724589688866,0.0014230012893676758,0.0021108388900756836,0.0032677650451660156,0.004879683256149292,0.006517446041107178,0.012575098276138312
57m,block4,next_sublayer,0,0.25,relative_rms,135435,0.08450462068499673,0.02630187518819159,0.05423192754387855,0.06617140397429466,0.08196199685335159,0.10085021331906319,0.11689247190952302,0.15968538135290147
57m,block4,next_sublayer,0,0.5,alpha_total_variation,135435,0.007535689641538734,0.006320309346532829,0.0010445846244692806,0.0025426894426345825,0.005447685718536377,0.01136833056807518,0.017551132291555405,0.0243663489818573
57m,block4,next_sublayer,0,0.5,cosine_distance,135435,0.0016858303895022873,0.0011315628812844692,0.0006347894668579102,0.0009420812129974365,0.0014576911926269531,0.00217437744140625,0.0029013514518737796,0.005604593753814703
57m,block4,next_sublayer,0,0.5,relative_rms,135435,0.05657911687006593,0.017754391874704203,0.03619243651628494,0.044167423620820045,0.05479143187403679,0.06762246415019035,0.07846491783857347,0.10716238617897034
57m,block4,next_sublayer,0,2.0,alpha_total_variation,135435,0.01327039578072006,0.011010996256287922,0.0019196093082427981,0.004604833200573921,0.009679988026618958,0.01969272270798683,0.03091796711087227,0.04267507404088974
57m,block4,next_sublayer,0,2.0,cosine_distance,135435,0.006514792003632296,0.00406823566847579,0.0025408864021301274,0.003755807876586914,0.00576329231262207,0.008409887552261353,0.01100435256958008,0.02052541971206669
57m,block4,next_sublayer,0,2.0,relative_rms,135435,0.11499959879011597,0.0374804463995914,0.07225989103317261,0.08819890022277832,0.11060337722301483,0.13855968415737152,0.16202096045017245,0.22160233885049835
57m,block4,next_sublayer,0,4.0,alpha_total_variation,135435,0.032488610176154654,0.02649732594560665,0.004724978283047677,0.011609300971031189,0.024540171027183533,0.04822835139930248,0.07402087450027467,0.10480018481612205
57m,block4,next_sublayer,0,4.0,cosine_distance,135435,0.051095532546228416,0.026596590780876304,0.0220004677772522,0.032016605138778687,0.04757118225097656,0.06561809778213501,0.08230981826782229,0.1383578372001649
57m,block4,next_sublayer,0,4.0,relative_rms,135435,0.3467971942622664,0.11594111070136598,0.21423556804656982,0.2618357390165329,0.3319542407989502,0.4209708869457245,0.49486818909645086,0.6730979621410373
57m,block4,next_sublayer,1,0.25,alpha_total_variation,135435,0.028259260914861518,0.021467869541535397,0.004256136529147626,0.011010192334651947,0.02384866774082184,0.04102776758372784,0.058405248820781706,0.09068815886974335
57m,block4,next_sublayer,1,0.25,cosine_distance,135435,0.05129739120473329,0.038599037555351406,0.012392544746398925,0.025785982608795166,0.04222846031188965,0.06404545903205872,0.10537511110305786,0.17867608904838567
57m,block4,next_sublayer,1,0.25,relative_rms,135435,0.31650705990423245,0.12464768686131343,0.15996910333633427,0.23585963249206543,0.3046185374259949,0.3830983638763428,0.4939456760883331,0.6355779111385346
57m,block4,next_sublayer,1,0.5,alpha_total_variation,135435,0.016484513304709597,0.012659789550914237,0.002434985339641571,0.0063340924680233,0.01366669312119484,0.024058806709945202,0.0345013551414013,0.05315284356474878
57m,block4,next_sublayer,1,0.5,cosine_distance,135435,0.019214728588712357,0.011905914553991122,0.0054588794708251955,0.010978639125823975,0.017290830612182617,0.024545639753341675,0.0366183638572693,0.054050652980804456
57m,block4,next_sublayer,1,0.5,relative_rms,135435,0.21239770372339506,0.083798536607344,0.10746556669473649,0.15845764428377151,0.20479455590248108,0.256536141037941,0.3308103621006012,0.4308562767505646
57m,block4,next_sublayer,1,2.0,alpha_total_variation,135435,0.01698793987382195,0.013577948563186545,0.0024332687258720397,0.006304149050265551,0.013667341321706772,0.024428877979516983,0.03647406697273255,0.05818053096532823
57m,block4,next_sublayer,1,2.0,cosine_distance,135435,0.031652729892913796,0.010841154034193416,0.01722829341888428,0.02569746971130371,0.03202575445175171,0.03844130039215088,0.04490097761154175,0.05682070970535279
57m,block4,next_sublayer,1,2.0,relative_rms,135435,0.4262917696883661,0.17305879512136427,0.2152304470539093,0.31686945259571075,0.4086894989013672,0.5059225261211395,0.675887179374695,0.898014533519745
57m,block4,next_sublayer,1,4.0,alpha_total_variation,135435,0.029851082347424684,0.024062905072103707,0.004149436950683595,0.011030485853552818,0.024175353348255157,0.04273684695363045,0.06410653293132781,0.10372998833656318
57m,block4,next_sublayer,1,4.0,cosine_distance,135435,0.1253119152214641,0.036107612596871085,0.07544348239898682,0.10063350200653076,0.127960205078125,0.1508517563343048,0.16970221996307375,0.20253395199775698
57m,block4,next_sublayer,1,4.0,relative_rms,135435,1.265385694070585,0.5284247615257137,0.6355870604515076,0.927657961845398,1.2021225690841675,1.4925525784492493,2.04792275428772,2.721369557380677
57m,block4,next_sublayer,2,0.25,alpha_total_variation,135435,0.010558981071574767,0.010811849569563776,0.0012717507779598236,0.0032476773485541344,0.007246360182762146,0.013929018750786781,0.02440811023116112,0.05073457717895508
57m,block4,next_sublayer,2,0.25,cosine_distance,135435,0.010955708945458102,0.010245883177875427,0.0023869991302490237,0.004060834646224976,0.006935834884643555,0.014724969863891602,0.025975918769836424,0.04618336677551274
57m,block4,next_sublayer,2,0.25,relative_rms,135435,0.13517975242018418,0.06178548563425871,0.0695541724562645,0.0906858816742897,0.11855895072221756,0.17263667285442352,0.22864115834236148,0.30359105169773104
57m,block4,next_sublayer,2,0.5,alpha_total_variation,135435,0.007302766800800833,0.0076254402994906795,0.0008939288556575776,0.0019878484308719635,0.004868324846029282,0.009602878242731094,0.01731061898171902,0.03588556274771699
57m,block4,next_sublayer,2,0.5,cosine_distance,135435,0.004679077328754369,0.004224569442209934,0.0010530352592468262,0.001791447401046753,0.003052949905395508,0.006393492221832275,0.010875844955444337,0.018874919414520266
57m,block4,next_sublayer,2,0.5,relative_rms,135435,0.08946390675278572,0.04028966393039604,0.04629390984773636,0.06034018285572529,0.07882656157016754,0.11454381793737411,0.15010372996330262,0.19819558113813404
57m,block4,next_sublayer,2,2.0,alpha_total_variation,135435,0.014881007271261234,0.014874503164100661,0.0017908260226249695,0.004370193928480148,0.009891487658023834,0.020024016499519348,0.03607014343142512,0.06621214628219606
57m,block4,next_sublayer,2,2.0,cosine_distance,135435,0.013822894113186247,0.009957513190647168,0.0038622498512268072,0.006562948226928711,0.010895967483520508,0.01944217085838318,0.027008962631225587,0.048481715917587286
57m,block4,next_sublayer,2,2.0,relative_rms,135435,0.17057714217415362,0.07264714843724598,0.09044845253229142,0.11833935603499413,0.15413635969161987,0.2174956426024437,0.27165890932083137,0.3827595102787018
57m,block4,next_sublayer,2,4.0,alpha_total_variation,135435,0.03908653097199985,0.03483263791969207,0.004881438612937927,0.012859436683356762,0.02893954887986183,0.055370040237903595,0.08896789550781252,0.1528454649448395
57m,block4,next_sublayer,2,4.0,cosine_distance,135435,0.08308647326176387,0.04606613256984251,0.029641282558441163,0.04930800199508667,0.07693076133728027,0.10874557495117188,0.1405336618423462,0.22794666290283222
57m,block4,next_sublayer,2,4.0,relative_rms,135435,0.48953449212307065,0.21301175834737715,0.2609667837619781,0.3404931277036667,0.44511276483535767,0.607747882604599,0.7671163558959961,1.1771533393859868
57m,block4,next_sublayer,3,0.25,alpha_total_variation,135435,0.027729777811716688,0.022719252751237033,0.003905384615063667,0.01027993019670248,0.022081971168518066,0.03937249071896076,0.05965517759323122,0.09933998420834543
57m,block4,next_sublayer,3,0.25,cosine_distance,135435,0.07601728185526657,0.03665745046287802,0.02536325454711914,0.04935657978057861,0.07501953840255737,0.10296723246574402,0.1240633010864258,0.15929630041122436
57m,block4,next_sublayer,3,0.25,relative_rms,135435,0.4049815465214971,0.11969587217180103,0.230349001288414,0.3302561640739441,0.41583389043807983,0.4981568604707718,0.5483960270881653,0.6258327007293701
57m,block4,next_sublayer,3,0.5,alpha_total_variation,135435,0.016490048627793148,0.013124666515758807,0.0024267319589853288,0.006197595503181219,0.013332013040781021,0.023670345544815063,0.035212174803018574,0.055964171588420895
57m,block4,next_sublayer,3,0.5,cosine_distance,135435,0.025637917605843105,0.010904862889035721,0.010128617286682129,0.018368661403656006,0.02599477767944336,0.0331994891166687,0.03936518430709839,0.0504953145980835
57m,block4,next_sublayer,3,0.5,relative_rms,135435,0.2655829249115678,0.07930357398457324,0.15005855560302733,0.21507521718740463,0.2728836238384247,0.3272022604942322,0.3615761995315552,0.41031145930290225
57m,block4,next_sublayer,3,2.0,alpha_total_variation,135435,0.019247245679161782,0.01404716549063343,0.0029460154473781586,0.007663125172257423,0.01671595871448517,0.02830668445676565,0.03910600394010544,0.057531157284975064
57m,block4,next_sublayer,3,2.0,cosine_distance,135435,0.029576347777493774,0.008949359917860842,0.018824958801269533,0.023861169815063477,0.029248178005218506,0.03527426719665527,0.0410808801651001,0.05184829950332642
57m,block4,next_sublayer,3,2.0,relative_rms,135435,0.5039163918786765,0.16026287217571375,0.2700523972511292,0.39009989798069,0.5227774977684021,0.6264642179012299,0.6986056208610535,0.8064140391349792
57m,block4,next_sublayer,3,4.0,alpha_total_variation,135435,0.03508337987716478,0.02530323244836237,0.0055096253752708445,0.014257056172937155,0.030883967876434326,0.051388513296842575,0.07100403308868408,0.1041529436409474
57m,block4,next_sublayer,3,4.0,cosine_distance,135435,0.10233826005771741,0.03044368369978075,0.06466084718704224,0.08087977766990662,0.10104531049728394,0.1223776638507843,0.14273588657379152,0.1763719165325165
57m,block4,next_sublayer,3,4.0,relative_rms,135435,1.4857157866965454,0.48763656020006785,0.7728420615196229,1.123164415359497,1.548784852027893,1.8569475412368774,2.076854705810547,2.427837634086609
57m,block4,final,all,0.25,alpha_total_variation,108348,0.01659325447072878,0.014173184151869335,0.0042257910594344136,0.008389524184167385,0.012839194852858782,0.01935505261644721,0.03402586467564106,0.07126889578998086
57m,block4,final,all,0.25,cosine_distance,108348,0.035686567191925894,0.03765408079178278,0.0012886524200439453,0.0022799670696258545,0.021564066410064697,0.06244230270385742,0.08604833483695985,0.1400674700736999
57m,block4,final,all,0.25,relative_rms,108348,0.22297990183852706,0.15670995371273044,0.05511369481682778,0.06961517594754696,0.21051206439733505,0.36014940589666367,0.4241736561059952,0.5414599865674973
57m,block4,final,all,0.5,alpha_total_variation,108348,0.009684379179589616,0.00768844730621642,0.002472509443759918,0.0051687248051166534,0.008103834465146065,0.01153003959916532,0.01849222481250763,0.03917151983827352
57m,block4,final,all,0.5,cosine_distance,108348,0.013939034250279257,0.014011347332504493,0.0005740940570831299,0.0010107308626174927,0.009233206510543823,0.025020435452461243,0.03320823907852173,0.04783754885196686
57m,block4,final,all,0.5,relative_rms,108348,0.14812964977331808,0.10400429092322609,0.03696673028171062,0.0464459378272295,0.13984819501638412,0.23929960653185844,0.2824228793382645,0.35735520750284194
57m,block4,final,all,2.0,alpha_total_variation,108348,0.0143706189853133,0.009129869709610591,0.0034294888377189637,0.008100269362330437,0.013860507402569056,0.018844041042029858,0.024452593550086024,0.04453086201101541
57m,block4,final,all,2.0,cosine_distance,108348,0.02315221004693898,0.01964350678300288,0.0022778928279876707,0.003829449415206909,0.02193582057952881,0.04058164358139038,0.04745731353759766,0.06419477880001066
57m,block4,final,all,2.0,relative_rms,108348,0.27890666428900873,0.19427736523889266,0.07579050436615944,0.09238688461482525,0.2530856132507324,0.4497109651565552,0.537510347366333,0.6791884917020797
57m,block4,final,all,4.0,alpha_total_variation,108348,0.03515881473602718,0.02100370099850801,0.007606301177293062,0.018454181030392647,0.03524390235543251,0.04894880764186382,0.06043316423892975,0.09173102006316185
57m,block4,final,all,4.0,cosine_distance,108348,0.09238092005186824,0.06429389769552046,0.019415730237960817,0.030190467834472656,0.08892092108726501,0.14730174839496613,0.1757232666015625,0.22847899258136747
57m,block4,final,all,4.0,relative_rms,108348,0.80214509247301,0.5653970289726398,0.2282126933336258,0.26975251734256744,0.6585386991500854,1.3004152476787567,1.5699132204055786,2.002368376255035
57m,block4,next_sublayer,all,0.25,alpha_total_variation,541740,0.01951127710721537,0.019204528442232995,0.0019750513136386873,0.005403435789048672,0.013201504945755005,0.027851515915244818,0.04605353809893131,0.08543360285460948
57m,block4,next_sublayer,all,0.25,cosine_distance,541740,0.03551333299864653,0.04013942367586878,0.0023211181163787843,0.004410982131958008,0.017463386058807373,0.05668996274471283,0.09871903657913214,0.15825792670249939
57m,block4,next_sublayer,all,0.25,relative_rms,541740,0.2352932448827276,0.16009614810498257,0.06906854435801506,0.09521805867552757,0.18958570063114166,0.3561961054801941,0.4846628665924072,0.609545572400093
57m,block4,next_sublayer,all,0.5,alpha_total_variation,541740,0.011953254593710577,0.011323399611563612,0.0014356516301631927,0.003513782285153866,0.008335662074387074,0.017324903514236212,0.027792254276573673,0.04972010936588047
57m,block4,next_sublayer,all,0.5,cosine_distance,541740,0.01280438847820303,0.012992586376194687,0.001032114028930664,0.0019573569297790527,0.007482767105102539,0.021563798189163208,0.032579058408737205,0.049028146862983686
57m,block4,next_sublayer,all,0.5,relative_rms,541740,0.15600591306445363,0.10577146238382393,0.04608755894005299,0.06361598335206509,0.12578454613685608,0.2357572428882122,0.31965807974338534,0.405951332449913
57m,block4,next_sublayer,all,2.0,alpha_total_variation,541740,0.016096647151241258,0.013641504493358133,0.002053113467991352,0.005501838400959969,0.012267163954675198,0.02352546900510788,0.03552519530057907,0.05844076700508592
57m,block4,next_sublayer,all,2.0,cosine_distance,541740,0.020391690946806526,0.013785958522101191,0.0040245592594146725,0.007417887449264526,0.01985880732536316,0.031272053718566895,0.039003968238830566,0.052535740733146645
57m,block4,next_sublayer,all,2.0,relative_rms,541740,0.303946225632828,0.20661592784785932,0.09166225045919418,0.12751543894410133,0.23828185349702835,0.4555392861366272,0.6188177764415742,0.8209853857755661
57m,block4,next_sublayer,all,4.0,alpha_total_variation,541740,0.034127400843185995,0.028200963289542424,0.0048233259469270704,0.012310299091041088,0.02695223782211542,0.04924364387989044,0.07383875101804735,0.12199687123298644
57m,block4,next_sublayer,all,4.0,cosine_distance,541740,0.09045804527179345,0.04477645589917563,0.03286639451980591,0.0555407851934433,0.08717876672744751,0.12207914888858795,0.1508409976959229,0.2008298420906066
57m,block4,next_sublayer,all,4.0,relative_rms,541740,0.8968582917881168,0.6178357342591106,0.27031799256801603,0.377549909055233,0.6753441095352173,1.3412852585315704,1.8410937428474428,2.4806721186637875
57m,norm_rms,final,0,0.25,alpha_total_variation,27087,9.187570876281776e-05,0.00028997983476275436,0.0,0.0,0.0,0.0,0.00037213005125522725,0.0016253004036843768
57m,norm_rms,final,0,0.25,cosine_distance,27087,1.1346425294356783e-06,1.0877296437284933e-06,2.980232238769531e-07,4.76837158203125e-07,8.344650268554688e-07,1.430511474609375e-06,2.2649765014648438e-06,6.4373016357421875e-06
57m,norm_rms,final,0,0.25,relative_rms,27087,0.0014270387693610727,0.0006680567645307872,0.0007712370366789401,0.0010104647371917963,0.001310453750193119,0.0016894458676688373,0.0022430627606809138,0.004085482722148298
57m,norm_rms,final,0,0.5,alpha_total_variation,27087,3.9278125468046426e-05,0.00019722672791186292,0.0,0.0,0.0,0.0,0.0,0.0008861270546913143
57m,norm_rms,final,0,0.5,cosine_distance,27087,2.7836405540413075e-07,5.928369019024111e-07,0.0,5.960464477539063e-08,1.1920928955078125e-07,2.980232238769531e-07,5.364418029785156e-07,2.3245811462402344e-06
57m,norm_rms,final,0,0.5,relative_rms,27087,0.0006030506156392069,0.0005136477326963483,0.0001291930006118492,0.0003274628834333271,0.0005240518366917968,0.0007508551934733987,0.0010161931393668055,0.0024666596669703712
57m,norm_rms,final,0,2.0,alpha_total_variation,27087,1.3414826889821813e-05,0.00011885646791347133,0.0,0.0,0.0,0.0,0.0,0.0007446793280541862
57m,norm_rms,final,0,2.0,cosine_distance,27087,8.387383764384351e-08,3.5761179146075386e-07,0.0,0.0,0.0,1.1920928955078125e-07,1.7881393432617188e-07,1.5497207641601562e-06
57m,norm_rms,final,0,2.0,relative_rms,27087,0.00022500524715741898,0.0003640798382682667,0.0,0.0,0.0001368621306028217,0.00034207975841127336,0.0005581479752436281,0.0020520646544173347
57m,norm_rms,final,0,4.0,alpha_total_variation,27087,1.6422424357868963e-05,0.00013124678195073177,0.0,0.0,0.0,0.0,0.0,0.0007967414706945418
57m,norm_rms,final,0,4.0,cosine_distance,27087,1.0218190588806582e-07,3.943283714206314e-07,0.0,0.0,5.960464477539063e-08,1.1920928955078125e-07,2.384185791015625e-07,1.6689300537109375e-06
57m,norm_rms,final,0,4.0,relative_rms,27087,0.0002692952769773462,0.00039061845392115866,0.0,0.0,0.00018156037549488246,0.0003875370748573914,0.0006161480909213426,0.0021123760705813763
57m,norm_rms,final,1,0.25,alpha_total_variation,27087,1.3018335050813831e-05,0.00010009745604688118,0.0,0.0,0.0,0.0,0.0,0.000708621833473443
57m,norm_rms,final,1,0.25,cosine_distance,27087,7.835281081394522e-08,2.770279855283827e-07,0.0,0.0,0.0,1.1920928955078125e-07,1.7881393432617188e-07,1.5497207641601562e-06
57m,norm_rms,final,1,0.25,relative_rms,27087,0.00020009254392820805,0.00034879310822918074,0.0,0.0,0.0,0.0003130537807010114,0.0005628581740893424,0.0020231327507644874
57m,norm_rms,final,1,0.5,alpha_total_variation,27087,2.95773710417788e-06,4.814139416218533e-05,0.0,0.0,0.0,0.0,0.0,0.0
57m,norm_rms,final,1,0.5,cosine_distance,27087,2.373667453731084e-08,1.449430300295636e-07,-1.1920928955078125e-07,0.0,0.0,5.960464477539063e-08,1.1920928955078125e-07,2.384185791015625e-07
57m,norm_rms,final,1,0.5,relative_rms,27087,4.881023720500664e-05,0.0001801379841711678,0.0,0.0,0.0,0.0,0.000164792043506168,0.0006762473634444177
57m,norm_rms,final,1,2.0,alpha_total_variation,27087,6.094106533576489e-07,1.9963024012757726e-05,0.0,0.0,0.0,0.0,0.0,0.0
57m,norm_rms,final,1,2.0,cosine_distance,27087,1.2421760245028245e-08,8.625671276174935e-08,-1.1920928955078125e-07,0.0,0.0,5.960464477539063e-08,1.1920928955078125e-07,1.7881393432617188e-07
57m,norm_rms,final,1,2.0,relative_rms,27087,1.3037292879640381e-05,8.713054138178223e-05,0.0,0.0,0.0,0.0,0.0,0.00038071894960012276
57m,norm_rms,final,1,4.0,alpha_total_variation,27087,8.730654886567492e-07,2.4383117412047336e-05,0.0,0.0,0.0,0.0,0.0,0.0
57m,norm_rms,final,1,4.0,cosine_distance,27087,1.3486796907312333e-08,9.305322780587544e-08,-1.1920928955078125e-07,0.0,0.0,5.960464477539063e-08,1.1920928955078125e-07,1.7881393432617188e-07
57m,norm_rms,final,1,4.0,relative_rms,27087,1.6208036264784102e-05,0.00010039291349115346,0.0,0.0,0.0,0.0,0.0,0.00042562066111713606
57m,norm_rms,final,2,0.25,alpha_total_variation,27087,6.546406657284576e-05,0.00024571897136930766,0.0,0.0,0.0,0.0,0.0,0.0009257418848574156
57m,norm_rms,final,2,0.25,cosine_distance,27087,5.755576949387676e-07,7.365757985595241e-07,1.1920928955078125e-07,2.384185791015625e-07,4.172325134277344e-07,6.556510925292969e-07,1.0132789611816406e-06,2.9802322387695312e-06
57m,norm_rms,final,2,0.25,relative_rms,27087,0.0009840419450295184,0.0005490528104607446,0.0005056822556070983,0.0006944300839677453,0.000899758015293628,0.0011279869358986616,0.0014342566952109342,0.00277333641424775
57m,norm_rms,final,2,0.5,alpha_total_variation,27087,2.2801891539065542e-05,0.00014859177514302236,0.0,0.0,0.0,0.0,0.0,0.000833983980119228
57m,norm_rms,final,2,0.5,cosine_distance,27087,1.4029217438826851e-07,4.158462734178371e-07,0.0,0.0,5.960464477539063e-08,1.1920928955078125e-07,2.384185791015625e-07,1.7881393432617188e-06
57m,norm_rms,final,2,0.5,relative_rms,27087,0.00038856352231651006,0.00040696585904783945,0.0,0.0001677852706052363,0.00034410960506647825,0.000501596718095243,0.0006832117913290859,0.002204950316809117
57m,norm_rms,final,2,2.0,alpha_total_variation,27087,8.534365700307591e-06,9.41294149900069e-05,0.0,0.0,0.0,0.0,0.0,0.0
57m,norm_rms,final,2,2.0,cosine_distance,27087,4.8375549553002825e-08,2.7603040899064533e-07,0.0,0.0,0.0,5.960464477539063e-08,1.1920928955078125e-07,4.76837158203125e-07
57m,norm_rms,final,2,2.0,relative_rms,27087,0.0001360541607384318,0.00028828472145398984,0.0,0.0,0.0,0.0002134876194759272,0.00037472553667612375,0.0009678172727581101
57m,norm_rms,final,2,4.0,alpha_total_variation,27087,9.777337631356673e-06,9.844589150264675e-05,0.0,0.0,0.0,0.0,0.0,0.0006020068470388613
57m,norm_rms,final,2,4.0,cosine_distance,27087,5.6004644817752676e-08,2.8253606860270213e-07,0.0,0.0,0.0,5.960464477539063e-08,1.1920928955078125e-07,9.6201896667477e-07
57m,norm_rms,final,2,4.0,relative_rms,27087,0.00016358590710508527,0.0003037214423841223,0.0,0.0,0.0,0.000270132499281317,0.000411628547590226,0.0016441324236802367
57m,norm_rms,final,3,0.25,alpha_total_variation,27087,1.0597321584116042e-05,9.43580558829645e-05,0.0,0.0,0.0,0.0,0.0,0.0006201614625751967
57m,norm_rms,final,3,0.25,cosine_distance,27087,5.513325118497479e-08,2.5480154589246284e-07,0.0,0.0,0.0,5.960464477539063e-08,1.1920928955078125e-07,1.2600421905517231e-06
57m,norm_rms,final,3,0.25,relative_rms,27087,0.00015498156506460258,0.00029501679624187885,0.0,0.0,0.0,0.000247235395363532,0.00040571658173576007,0.0018285957630723645
57m,norm_rms,final,3,0.5,alpha_total_variation,27087,2.2792406211013953e-06,4.248274656062751e-05,0.0,0.0,0.0,0.0,0.0,0.0
57m,norm_rms,final,3,0.5,cosine_distance,27087,1.877237141724286e-08,1.339539976302948e-07,-1.1920928955078125e-07,0.0,0.0,5.960464477539063e-08,1.1920928955078125e-07,1.7881393432617188e-07
57m,norm_rms,final,3,0.5,relative_rms,27087,3.583693532767308e-05,0.00014835088812885337,0.0,0.0,0.0,0.0,0.00013191266334615658,0.0005007859622128307
57m,norm_rms,final,3,2.0,alpha_total_variation,27087,6.422065175041283e-07,2.3389062637386494e-05,0.0,0.0,0.0,0.0,0.0,0.0
57m,norm_rms,final,3,2.0,cosine_distance,27087,1.1405134340120708e-08,9.471089181068025e-08,-1.1920928955078125e-07,0.0,0.0,5.960464477539063e-08,1.1920928955078125e-07,1.7881393432617188e-07
57m,norm_rms,final,3,2.0,relative_rms,27087,8.7226029231774e-06,7.482765194991699e-05,0.0,0.0,0.0,0.0,0.0,0.00029734899348113586
57m,norm_rms,final,3,4.0,alpha_total_variation,27087,7.816189776606948e-07,2.6556260153134032e-05,0.0,0.0,0.0,0.0,0.0,0.0
57m,norm_rms,final,3,4.0,cosine_distance,27087,1.2078483965449077e-08,1.0257659116190207e-07,-1.1920928955078125e-07,0.0,0.0,5.960464477539063e-08,1.1920928955078125e-07,1.7881393432617188e-07
57m,norm_rms,final,3,4.0,relative_rms,27087,1.0933698300301347e-05,8.44869244272111e-05,0.0,0.0,0.0,0.0,0.0,0.00032094498106744135
57m,norm_rms,next_sublayer,0,0.25,alpha_total_variation,135435,0.00010740551399419467,0.0002811251630639311,0.0,0.0,0.0,0.0,0.0004346936941146851,0.0014031197130680141
57m,norm_rms,next_sublayer,0,0.25,cosine_distance,135435,1.2965329431785973e-06,1.1814766257506572e-06,2.384185791015625e-07,5.364418029785156e-07,9.5367431640625e-07,1.6689300537109375e-06,2.7418136596679688e-06,5.7220458984375e-06
57m,norm_rms,next_sublayer,0,0.25,relative_rms,135435,0.0015331290135286062,0.0007586715362235284,0.0007194975856691599,0.001045401906594634,0.0014255194691941142,0.0019072144059464335,0.002471418166533113,0.0038245051680132758
57m,norm_rms,next_sublayer,0,0.5,alpha_total_variation,135435,4.258697731499822e-05,0.000183482432528177,0.0,0.0,0.0,0.0,2.8818845748901367e-05,0.0009503895044326784
57m,norm_rms,next_sublayer,0,0.5,cosine_distance,135435,2.811956446128645e-07,4.1477374203161706e-07,0.0,5.960464477539063e-08,1.7881393432617188e-07,3.5762786865234375e-07,6.556510925292969e-07,1.7285346984863281e-06
57m,norm_rms,next_sublayer,0,0.5,relative_rms,135435,0.0006456485988169665,0.0005164444733253424,0.0,0.0003249957808293402,0.0005754816229455173,0.0008737591560930014,0.0011939376825466752,0.0023890999052673598
57m,norm_rms,next_sublayer,0,2.0,alpha_total_variation,135435,1.6655674686343688e-05,0.00011658285459229537,0.0,0.0,0.0,0.0,0.0,0.0004857677221298219
57m,norm_rms,next_sublayer,0,2.0,cosine_distance,135435,8.083848315633386e-08,2.515872458959031e-07,0.0,0.0,5.960464477539063e-08,1.1920928955078125e-07,2.384185791015625e-07,7.152557373046875e-07
57m,norm_rms,next_sublayer,0,2.0,relative_rms,135435,0.00025082911341671514,0.0003695840235121849,0.0,0.0,0.00013604825653601438,0.0004133660258958116,0.0006476053851656617,0.001557094408199193
57m,norm_rms,next_sublayer,0,4.0,alpha_total_variation,135435,1.980527085783146e-05,0.0001268544565337588,0.0,0.0,0.0,0.0,0.0,0.0007269047573208994
57m,norm_rms,next_sublayer,0,4.0,cosine_distance,135435,9.803354407868988e-08,2.498811995756813e-07,0.0,0.0,5.960464477539063e-08,1.1920928955078125e-07,2.384185791015625e-07,8.344650268554688e-07
57m,norm_rms,next_sublayer,0,4.0,relative_rms,135435,0.0002977137348045353,0.00039578848446843916,0.0,0.0,0.0002030829928116873,0.00046621417277492583,0.0007222793647088112,0.0017749126907438053
57m,norm_rms,next_sublayer,1,0.25,alpha_total_variation,135435,2.3923164105524377e-05,0.00013345652787250255,0.0,0.0,0.0,0.0,0.0,0.0008546293899416926
57m,norm_rms,next_sublayer,1,0.25,cosine_distance,135435,1.2125266360986597e-07,2.490681920209908e-07,0.0,0.0,5.960464477539063e-08,1.7881393432617188e-07,3.5762786865234375e-07,9.5367431640625e-07
57m,norm_rms,next_sublayer,1,0.25,relative_rms,135435,0.0003563204529479001,0.00040910721509997936,0.0,0.0,0.0002869575982913375,0.0005477835366036743,0.0008294895174913111,0.0018263125466182833
57m,norm_rms,next_sublayer,1,0.5,alpha_total_variation,135435,6.33635880456448e-06,6.859170842477611e-05,0.0,0.0,0.0,0.0,0.0,0.000180684477090836
57m,norm_rms,next_sublayer,1,0.5,cosine_distance,135435,3.196518299794124e-08,1.3140708966077804e-07,-1.1920928955078125e-07,0.0,0.0,5.960464477539063e-08,1.1920928955078125e-07,3.5762786865234375e-07
57m,norm_rms,next_sublayer,1,0.5,relative_rms,135435,9.546480643126124e-05,0.00023513349851165348,0.0,0.0,0.0,0.0,0.0003804570354986936,0.0009291018976364287
57m,norm_rms,next_sublayer,1,2.0,alpha_total_variation,135435,1.68417291302118e-06,3.626949072006489e-05,0.0,0.0,0.0,0.0,0.0,0.0
57m,norm_rms,next_sublayer,1,2.0,cosine_distance,135435,1.4845818896210374e-08,9.214219197056927e-08,-1.1920928955078125e-07,0.0,0.0,5.960464477539063e-08,1.1920928955078125e-07,1.7881393432617188e-07
57m,norm_rms,next_sublayer,1,2.0,relative_rms,135435,2.50770488521125e-05,0.00012606962933792715,0.0,0.0,0.0,0.0,0.0,0.0005590749043039983
57m,norm_rms,next_sublayer,1,4.0,alpha_total_variation,135435,2.0919156045862557e-06,4.0029340925635324e-05,0.0,0.0,0.0,0.0,0.0,0.0
57m,norm_rms,next_sublayer,1,4.0,cosine_distance,135435,1.6361515699890704e-08,9.65907982146781e-08,-1.1920928955078125e-07,0.0,0.0,5.960464477539063e-08,1.1920928955078125e-07,2.384185791015625e-07
57m,norm_rms,next_sublayer,1,4.0,relative_rms,135435,3.1420868598180334e-05,0.0001396447177271477,0.0,0.0,0.0,0.0,0.0,0.0006171224336139863
57m,norm_rms,next_sublayer,2,0.25,alpha_total_variation,135435,0.00011670347181781364,0.0003092890184194844,0.0,0.0,0.0,0.0,0.000448763370513916,0.0018636583350598829
57m,norm_rms,next_sublayer,2,0.25,cosine_distance,135435,1.4099118171500646e-06,2.108430523682591e-06,2.384185791015625e-07,4.76837158203125e-07,9.5367431640625e-07,1.6689300537109375e-06,2.682209014892578e-06,9.357929229736328e-06
57m,norm_rms,next_sublayer,2,0.25,relative_rms,135435,0.0015425865329240756,0.0008844599611128409,0.000692122767213732,0.000985624035820365,0.0013950744178146124,0.001914418360684067,0.002482439577579499,0.0047113500162959164
57m,norm_rms,next_sublayer,2,0.5,alpha_total_variation,135435,4.7697507101285606e-05,0.00020793398641131641,0.0,0.0,0.0,0.0,2.5725364685058724e-05,0.0009696096181869508
57m,norm_rms,next_sublayer,2,0.5,cosine_distance,135435,3.072115856270222e-07,5.710883103647018e-07,0.0,5.960464477539063e-08,1.7881393432617188e-07,3.5762786865234375e-07,6.556510925292969e-07,2.4437904357910156e-06
57m,norm_rms,next_sublayer,2,0.5,relative_rms,135435,0.0006526398884119908,0.0005427385515676382,0.0,0.00032160642149392515,0.0005754296435043216,0.000866017653606832,0.0012072402285411956,0.0026040928112343
57m,norm_rms,next_sublayer,2,2.0,alpha_total_variation,135435,1.978658874256383e-05,0.00013929223291306512,0.0,0.0,0.0,0.0,0.0,0.0008076544106006644
57m,norm_rms,next_sublayer,2,2.0,cosine_distance,135435,9.155090356817558e-08,3.0736208921987967e-07,0.0,0.0,5.960464477539063e-08,1.1920928955078125e-07,2.384185791015625e-07,9.5367431640625e-07
57m,norm_rms,next_sublayer,2,2.0,relative_rms,135435,0.00026279067052489873,0.0003788710034844481,0.0,0.0,0.0001661905407672748,0.0004158122756052762,0.0006539544090628625,0.0017373082716949314
57m,norm_rms,next_sublayer,2,4.0,alpha_total_variation,135435,2.372014194046993e-05,0.00015225014911659073,0.0,0.0,0.0,0.0,0.0,0.0008872459083795549
57m,norm_rms,next_sublayer,2,4.0,cosine_distance,135435,1.1168889844123147e-07,3.4209032068285584e-07,0.0,0.0,5.960464477539063e-08,1.1920928955078125e-07,2.384185791015625e-07,1.1324882507324219e-06
57m,norm_rms,next_sublayer,2,4.0,relative_rms,135435,0.0003103273467031973,0.00040809819339094504,0.0,0.0,0.00021876250684726983,0.0004686727770604193,0.0007288012886419893,0.0018881592806428674
57m,norm_rms,next_sublayer,3,0.25,alpha_total_variation,135435,2.452919923458648e-05,0.00013843375057108609,0.0,0.0,0.0,0.0,0.0,0.0008942450769245637
57m,norm_rms,next_sublayer,3,0.25,cosine_distance,135435,1.1250395955633482e-07,2.530340495315527e-07,0.0,0.0,5.960464477539063e-08,1.1920928955078125e-07,2.980232238769531e-07,1.0132789611816406e-06
57m,norm_rms,next_sublayer,3,0.25,relative_rms,135435,0.00033941186828269284,0.0003918001744197163,0.0,0.0,0.000266609393293038,0.000506655836943537,0.0007691088831052185,0.0018461927003227178
57m,norm_rms,next_sublayer,3,0.5,alpha_total_variation,135435,6.8677477209887625e-06,7.532114721289238e-05,0.0,0.0,0.0,0.0,0.0,0.0001896083727478982
57m,norm_rms,next_sublayer,3,0.5,cosine_distance,135435,3.068581870981734e-08,1.349779925172445e-07,-1.1920928955078125e-07,0.0,0.0,5.960464477539063e-08,1.1920928955078125e-07,3.5762786865234375e-07
57m,norm_rms,next_sublayer,3,0.5,relative_rms,135435,9.488752773511573e-05,0.00022772329362637182,0.0,0.0,0.0,8.835544940666296e-05,0.00036167718935757885,0.0009109395416453487
57m,norm_rms,next_sublayer,3,2.0,alpha_total_variation,135435,1.8104897510060513e-06,3.832421935076769e-05,0.0,0.0,0.0,0.0,0.0,0.0
57m,norm_rms,next_sublayer,3,2.0,cosine_distance,135435,1.4485378802652247e-08,9.167583365375562e-08,-1.1920928955078125e-07,0.0,0.0,5.960464477539063e-08,1.1920928955078125e-07,1.7881393432617188e-07
57m,norm_rms,next_sublayer,3,2.0,relative_rms,135435,2.5847774939304263e-05,0.00012040854686280694,0.0,0.0,0.0,0.0,0.0,0.0005156537157017745
57m,norm_rms,next_sublayer,3,4.0,alpha_total_variation,135435,2.194674482120955e-06,4.188540887908791e-05,0.0,0.0,0.0,0.0,0.0,0.0
57m,norm_rms,next_sublayer,3,4.0,cosine_distance,135435,1.5784107393726767e-08,9.412930303504556e-08,-1.1920928955078125e-07,0.0,0.0,5.960464477539063e-08,1.1920928955078125e-07,1.7881393432617188e-07
57m,norm_rms,next_sublayer,3,4.0,relative_rms,135435,3.206154450130332e-05,0.00013235050230308752,0.0,0.0,0.0,0.0,2.2567512496607502e-05,0.0005591329943854362
57m,norm_rms,final,all,0.25,alpha_total_variation,108348,4.523885799264835e-05,0.00020506786311618616,0.0,0.0,0.0,0.0,0.0,0.0008899390697479244
57m,norm_rms,final,all,0.25,cosine_distance,108348,4.6092157159334145e-07,8.132392644450046e-07,0.0,0.0,1.1920928955078125e-07,5.960464477539062e-07,1.2516975402832031e-06,3.4570693969726562e-06
57m,norm_rms,final,all,0.25,relative_rms,108348,0.0006915387058458504,0.000726701753726029,0.0,0.0,0.000544858310604468,0.0010913800506386906,0.0015992569969967014,0.0029218561085872347
57m,norm_rms,final,all,0.5,alpha_total_variation,108348,1.682924868309781e-05,0.000128495157038959,0.0,0.0,0.0,0.0,0.0,0.0007953454926609992
57m,norm_rms,final,all,0.5,cosine_distance,108348,1.1529131893673823e-07,3.89952494254649e-07,0.0,0.0,5.960464477539063e-08,1.1920928955078125e-07,2.384185791015625e-07,1.7881393432617188e-06
57m,norm_rms,final,all,0.5,relative_rms,108348,0.0002690653276220992,0.0004220920107211503,0.0,0.0,6.686514461762272e-05,0.0004357049474492669,0.0007025518862064929,0.0021548699308186767
57m,norm_rms,final,all,2.0,alpha_total_variation,108348,5.800202440247795e-06,7.754318910383281e-05,0.0,0.0,0.0,0.0,0.0,0.0
57m,norm_rms,final,all,2.0,cosine_distance,108348,3.901907044549882e-08,2.366742454420151e-07,-1.1920928955078125e-07,0.0,0.0,5.960464477539063e-08,1.1920928955078125e-07,3.5762786865234375e-07
57m,norm_rms,final,all,2.0,relative_rms,108348,9.570482592466714e-05,0.0002557340483216812,0.0,0.0,0.0,7.497502883779816e-05,0.0003411858691833913,0.0008347581088310104
57m,norm_rms,final,all,4.0,alpha_total_variation,108348,6.9636116138857705e-06,8.424633622880799e-05,0.0,0.0,0.0,0.0,0.0,0.0
57m,norm_rms,final,all,4.0,cosine_distance,108348,4.593795789464498e-08,2.5493460755843284e-07,-1.1920928955078125e-07,0.0,0.0,5.960464477539063e-08,1.1920928955078125e-07,4.76837158203125e-07
57m,norm_rms,final,all,4.0,relative_rms,108348,0.00011500572966187922,0.00027785047173326715,0.0,0.0,0.0,0.0001512846902187448,0.00038003103982191537,0.0009683135163504619
57m,norm_rms,next_sublayer,all,0.25,alpha_total_variation,541740,6.814033728802979e-05,0.00023421295024788025,0.0,0.0,0.0,0.0,0.00020538270473480225,0.0009749084711074829
57m,norm_rms,next_sublayer,all,0.25,cosine_distance,541740,7.350503458737156e-07,1.3695290974683016e-06,0.0,5.960464477539063e-08,2.384185791015625e-07,9.5367431640625e-07,1.9073486328125e-06,5.4836273193359375e-06
57m,norm_rms,next_sublayer,all,0.25,relative_rms,541740,0.0009428619669208187,0.0008796299965537442,0.0,0.00025190192536683753,0.0007527947018388659,0.0014394505124073476,0.002070016739889979,0.0037106548342853755
57m,norm_rms,next_sublayer,all,0.5,alpha_total_variation,541740,2.5872147735459265e-05,0.00014897901659448323,0.0,0.0,0.0,0.0,0.0,0.0008959561306983228
57m,norm_rms,next_sublayer,all,0.5,cosine_distance,541740,1.6276455798691133e-07,3.883008282669573e-07,0.0,0.0,5.960464477539063e-08,1.7881393432617188e-07,4.76837158203125e-07,1.5497207641601562e-06
57m,norm_rms,next_sublayer,all,0.5,relative_rms,541740,0.00037216020534883355,0.0004937942196590157,0.0,0.0,0.00021136694704182446,0.000606666537350975,0.0009680449613370005,0.0020834430214017622
57m,norm_rms,next_sublayer,all,2.0,alpha_total_variation,541740,9.984231523233686e-06,9.493998797814396e-05,0.0,0.0,0.0,0.0,0.0,0.00036997568793594685
57m,norm_rms,next_sublayer,all,2.0,cosine_distance,541740,5.0430146105843016e-08,2.1203542893832753e-07,-1.1920928955078125e-07,0.0,0.0,1.1920928955078125e-07,1.1920928955078125e-07,5.364418029785156e-07
57m,norm_rms,next_sublayer,all,2.0,relative_rms,541740,0.00014113615193325765,0.00030171213527402987,0.0,0.0,0.0,0.00019800876907538623,0.0004853400751017036,0.0011508104437962167
57m,norm_rms,next_sublayer,all,4.0,alpha_total_variation,541740,1.195300072125215e-05,0.0001037081076264614,0.0,0.0,0.0,0.0,0.0,0.0004433542490005493
57m,norm_rms,next_sublayer,all,4.0,cosine_distance,541740,6.04670164033847e-08,2.2673403590266426e-07,0.0,0.0,0.0,1.1920928955078125e-07,1.7881393432617188e-07,5.960464477539062e-07
57m,norm_rms,next_sublayer,all,4.0,relative_rms,541740,0.00016788087365180406,0.00032955491014615616,0.0,0.0,0.0,0.00026418133347760886,0.0005461770226247612,0.0012865735113155056
