step,schedule_steps,samples,milliseconds,lr,global_batch,loss,grad_norm,skipped,nan,line
250,47684,64000,34495.3,5.242849e-05,256,5.783847,1.239,0,0,4899
500,47684,128000,34707.2,9.999995e-05,256,4.651456,1.532,0,0,7404
750,47684,192000,34494.7,9.999256e-05,256,4.049649,0.950,0,0,9909
1000,47684,256000,34620.6,9.997273e-05,256,3.761154,2.040,0,0,12414
1250,47684,320000,34491.4,9.994044e-05,256,3.6392,1.380,0,0,14919
1500,47684,384000,34503.1,9.989573e-05,256,3.523974,1.145,0,0,17424
1750,47684,448000,34498.3,9.983857e-05,256,3.447748,0.825,0,0,19929
2000,47684,512000,34502.7,9.976901e-05,256,3.363947,0.884,0,0,22434
2250,47684,576000,34499.9,9.968706e-05,256,3.334854,0.723,0,0,24939
2500,47684,640000,34607.4,9.959274e-05,256,3.327272,0.968,0,0,27478
2750,47684,704000,34676.0,9.948607e-05,256,3.289612,0.793,0,0,29983
3000,47684,768000,34489.6,9.93671e-05,256,3.274953,0.381,0,0,32488
3250,47684,832000,34502.3,9.923584e-05,256,3.226552,0.313,0,0,34993
3500,47684,896000,34501.8,9.909234e-05,256,3.192558,1.128,0,0,37498
3750,47684,960000,34498.8,9.893663e-05,256,3.162153,0.320,0,0,40003
4000,47684,1024000,34498.7,9.876877e-05,256,3.136677,0.349,0,0,42508
4250,47684,1088000,34489.7,9.858878e-05,256,3.138678,0.303,0,0,45013
4500,47684,1152000,34489.8,9.839673e-05,256,3.119625,0.956,0,0,47518
4750,47684,1216000,34672.8,9.819268e-05,256,3.126451,0.362,0,0,50023
5000,47684,1280000,34658.8,9.797666e-05,256,3.091251,0.431,0,0,52530
5250,47684,1344000,34490.2,9.774875e-05,256,3.090161,0.515,0,0,55035
5500,47684,1408000,34487.5,9.750901e-05,256,3.07834,0.573,0,0,57540
5750,47684,1472000,34642.6,9.72575e-05,256,3.064082,0.985,0,0,60045
6000,47684,1536000,34634.0,9.699429e-05,256,3.064085,0.612,0,0,62550
6250,47684,1600000,34638.8,9.671946e-05,256,3.054166,0.521,0,0,65055
6500,47684,1664000,34492.8,9.643308e-05,256,3.056178,0.282,0,0,67560
6750,47684,1728000,34639.8,9.613524e-05,256,3.011835,0.542,0,0,70065
7000,47684,1792000,34499.5,9.582601e-05,256,3.003367,0.477,0,0,72570
7250,47684,1856000,34489.7,9.550548e-05,256,3.018234,0.482,0,0,75077
7500,47684,1920000,34497.2,9.517373e-05,256,2.996587,0.482,0,0,77582
7750,47684,1984000,34655.0,9.483087e-05,256,3.003315,0.365,0,0,80087
8000,47684,2048000,34593.8,9.447699e-05,256,2.98945,0.626,0,0,82592
8250,47684,2112000,34618.0,9.411217e-05,256,2.977448,0.583,0,0,85097
8500,47684,2176000,34653.9,9.373653e-05,256,2.978287,0.331,0,0,87602
8750,47684,2240000,34636.4,9.335017e-05,256,2.965827,0.951,0,0,90107
9000,47684,2304000,34626.4,9.295319e-05,256,2.942835,0.418,0,0,92612
9250,47684,2368000,34656.7,9.254571e-05,256,2.955051,0.350,0,0,95117
9500,47684,2432000,34657.2,9.212783e-05,256,2.953183,0.313,0,0,97622
9537,47684,2441472,34729.8,9.206511e-05,256,2.93339,0.702,0,0,97997
