size,variant,output_index,transformer_layer,sublayer,count,mean,std,p10,p25,median,p75,p90,p99
157m,full,0,0,attention,16281,0.08159044676874876,0.021844185571443714,0.06086941435933113,0.06726998090744019,0.07690269500017166,0.08969788253307343,0.10676292330026627,0.1603012531995774
157m,full,1,0,ffn,16281,2.2210676287482274,0.6077721796902509,1.3703632354736328,1.8347489833831787,2.230297565460205,2.6389689445495605,3.0051095485687256,3.4591788768768312
157m,full,2,1,attention,16281,0.2708164612027514,0.035119633281079414,0.2286161184310913,0.2447102814912796,0.2663838565349579,0.29384666681289673,0.32085120677948,0.35731413960456854
157m,full,3,1,ffn,16281,0.8732803552660043,0.5006196357858109,0.36416128277778625,0.46893203258514404,0.7294818758964539,1.17227303981781,1.6257219314575195,2.2840296745300304
157m,full,4,2,attention,16281,0.39802685815091143,0.020840356422324877,0.3738553822040558,0.3836486339569092,0.39573755860328674,0.4098825752735138,0.42547717690467834,0.45682499408721927
157m,full,5,2,ffn,16281,0.4979076308127513,0.15374149295314588,0.3126087486743927,0.3890739977359772,0.48326584696769714,0.591079831123352,0.6987610459327698,0.9153683423995973
157m,full,6,3,attention,16281,0.17418045048525216,0.029003549335827595,0.1396724432706833,0.1532084047794342,0.17091503739356995,0.19133371114730835,0.21223865449428558,0.25754179954528816
157m,full,7,3,ffn,16281,0.5535201706844776,0.17792692555211329,0.33557385206222534,0.4211108684539795,0.5398260951042175,0.6676196455955505,0.7939404249191284,1.032890129089356
157m,full,8,4,attention,16281,0.2006279448020166,0.05937023818346422,0.140920951962471,0.16025830805301666,0.18950089812278748,0.2252531498670578,0.2682437598705292,0.41233443021774335
157m,full,9,4,ffn,16281,0.4529474556508312,0.1377464946055881,0.2997015714645386,0.3545103967189789,0.43187329173088074,0.5251592993736267,0.6351873874664307,0.8622158408164978
157m,full,10,5,attention,16281,0.25738308208923466,0.03450802521676737,0.2181493192911148,0.23354272544384003,0.25221750140190125,0.2776726186275482,0.3051142394542694,0.3539453446865082
157m,full,11,5,ffn,16281,0.7803522528360095,0.18942763835149315,0.5483933687210083,0.6377236247062683,0.7621379494667053,0.9062346816062927,1.039232850074768,1.2607423305511476
157m,full,12,6,attention,16281,0.19733983170915884,0.02567899313698073,0.16161590814590454,0.18067729473114014,0.19833064079284668,0.21473906934261322,0.22957909107208252,0.2533967137336731
157m,full,13,6,ffn,16281,0.6157104539910389,0.16440761385259073,0.4107321500778198,0.501177966594696,0.6051452159881592,0.7184933423995972,0.8329288959503174,1.0400286912918095
157m,full,14,7,attention,16281,0.2222167242200096,0.03385043995714101,0.18162930011749268,0.19854117929935455,0.21923653781414032,0.24207673966884613,0.26648369431495667,0.3172716915607453
157m,full,15,7,ffn,16281,0.8789100439330224,0.2582132402188946,0.5848180651664734,0.7110979557037354,0.8589648008346558,1.0177302360534668,1.1838128566741943,1.5741928100585945
157m,full,16,8,attention,16281,0.17656329292711334,0.0567812490810554,0.12625281512737274,0.13941922783851624,0.15919752418994904,0.19303129613399506,0.25604313611984253,0.3812503516674042
157m,full,17,8,ffn,16281,0.7284342693798183,0.2243708713464764,0.45844754576683044,0.5740668177604675,0.7067044973373413,0.8621211051940918,1.017824649810791,1.3667109012603766
157m,full,18,9,attention,16281,0.18035143728312897,0.02680584265901317,0.15264791250228882,0.16181625425815582,0.17518799006938934,0.19321872293949127,0.21558769047260284,0.2655948936939242
157m,full,19,9,ffn,16281,0.7472770656017712,0.19207365081126856,0.5138934850692749,0.6070504188537598,0.7274037003517151,0.8648074865341187,1.0045031309127808,1.2722051382064823
157m,full,20,10,attention,16281,0.15806876494084784,0.018780555548134712,0.13344183564186096,0.14646008610725403,0.15873317420482635,0.1703849583864212,0.18130053579807281,0.2011197298765183
157m,full,21,10,ffn,16281,1.149987136299535,0.2694964801609821,0.8277238011360168,0.9601520299911499,1.1245355606079102,1.3117181062698364,1.5035405158996582,1.887150621414186
157m,full,22,11,attention,16281,0.21131053348828954,0.02102951829551126,0.1840110719203949,0.19758890569210052,0.2112308144569397,0.22446751594543457,0.23766368627548218,0.26363381743431097
157m,full,23,11,ffn,16281,1.366808652639843,0.3006915537305917,1.0389792919158936,1.1771347522735596,1.3441063165664673,1.5217324495315552,1.7065848112106323,2.1056334495544453
157m,full,24,12,attention,16281,0.18908416042840567,0.03399794333836237,0.15101736783981323,0.16581246256828308,0.1844635158777237,0.20694218575954437,0.23201577365398407,0.2899932265281678
157m,full,25,12,ffn,16281,0.7233216803820433,0.159912810966474,0.5278812646865845,0.610951840877533,0.714069664478302,0.8239237070083618,0.9316027164459229,1.1448022842407226
157m,full,26,13,attention,16281,0.20726299528978678,0.0422230109260219,0.1610386222600937,0.17609815299510956,0.20006904006004333,0.22841289639472961,0.2628798186779022,0.342923575639725
157m,full,27,13,ffn,16281,0.9221793789887676,0.2426243891007161,0.6190208792686462,0.7560111880302429,0.9107350707054138,1.0742262601852417,1.2297253608703613,1.568496108055115
157m,full,28,14,attention,16281,0.2898120091585436,0.035810278659476294,0.24501298367977142,0.26412492990493774,0.2887795567512512,0.3124346435070038,0.33621132373809814,0.3844414412975313
157m,full,29,14,ffn,16281,1.0996507000916933,0.3673302580403563,0.6894056797027588,0.8517023324966431,1.048890233039856,1.2813763618469238,1.5626683235168457,2.2874104976654057
157m,full,30,15,attention,16281,0.17666465319969035,0.028188740339029395,0.14131030440330505,0.15632852911949158,0.17484788596630096,0.19553148746490479,0.21436955034732819,0.2466824769973755
157m,full,31,15,ffn,16281,1.6940432932914515,0.5123961491561667,0.9943787455558777,1.3648687601089478,1.7118390798568726,2.036792755126953,2.3354127407073975,2.8542363166809093
157m,full,32,16,attention,16281,0.25575354155415025,0.029365086951466095,0.22225721180438995,0.23520854115486145,0.2519497275352478,0.2722695469856262,0.2945714294910431,0.33929026722908023
157m,full,33,16,ffn,16281,2.3562101228261607,0.8025249986154696,1.2806529998779297,1.856764793395996,2.370337724685669,2.8658909797668457,3.350552797317505,4.3113235473632825
157m,full,34,17,attention,16281,0.17778924187864634,0.02890117651929085,0.1453210711479187,0.15941551327705383,0.17527034878730774,0.19278588891029358,0.2105170637369156,0.27444093823432947
157m,full,35,17,ffn,16281,1.5574197515458148,0.3409452076020203,1.1452103853225708,1.3338911533355713,1.5428009033203125,1.7590330839157104,1.9817379713058472,2.463404512405396
157m,block4,0,0,attention,16281,0.2952469784649055,0.2257026751100232,0.10055000334978104,0.11557231098413467,0.1856183111667633,0.44720572233200073,0.6634553074836731,0.88973662853241
157m,block4,1,0,ffn,16281,1.602669861266745,0.4483212911738804,0.8890766501426697,1.2720643281936646,1.6825083494186401,1.9416781663894653,2.125865936279297,2.448271369934083
157m,block4,2,1,attention,16281,0.48899756540289147,0.09463075697456558,0.37363508343696594,0.4206509292125702,0.48073071241378784,0.548936128616333,0.6143500804901123,0.7420814752578737
157m,block4,3,1,ffn,16281,1.3873476780835243,0.5850282276622378,0.7131578922271729,0.9559884071350098,1.2739136219024658,1.7172908782958984,2.266077995300293,3.0162775039672884
157m,block4,4,2,attention,16281,0.30535897247753657,0.034605904814153605,0.26304250955581665,0.2791028320789337,0.3018960952758789,0.32822224497795105,0.35551413893699646,0.3882362425327301
157m,block4,5,2,ffn,16281,0.7521676016195452,0.23705853104397168,0.48959532380104065,0.5852211117744446,0.7137922644615173,0.8800740838050842,1.0659160614013672,1.4776336193084718
157m,block4,6,3,attention,16281,0.31819286498906796,0.07307496174461471,0.22513601183891296,0.2655060291290283,0.3169746398925781,0.3658403754234314,0.41209927201271057,0.5011889338493348
157m,block4,7,3,ffn,16281,0.9640655053034585,0.33255925075103804,0.611474335193634,0.7416810393333435,0.907393217086792,1.1117852926254272,1.386940360069275,2.0592638969421393
157m,block4,8,4,attention,16281,0.24440041953874786,0.02526803471516921,0.2136281430721283,0.22727754712104797,0.24257391691207886,0.2591308355331421,0.27662745118141174,0.3159631788730622
157m,block4,9,4,ffn,16281,0.4329971482050696,0.14794594630561728,0.2691650986671448,0.32940271496772766,0.4096362292766571,0.5108810663223267,0.6230811476707458,0.9015242695808415
157m,block4,10,5,attention,16281,0.2574367207331942,0.05329822850033926,0.19232693314552307,0.21747732162475586,0.25144100189208984,0.29328376054763794,0.3342902362346649,0.38636299967765814
157m,block4,11,5,ffn,16281,0.7965938870432804,0.2195927080778092,0.5312188863754272,0.6468421816825867,0.777969241142273,0.915428638458252,1.0725512504577637,1.4522192955017093
157m,block4,12,6,attention,16281,0.23865682434998364,0.018916497495171915,0.21342691779136658,0.22647549211978912,0.23933292925357819,0.2514072358608246,0.2624337673187256,0.28037392497062685
157m,block4,13,6,ffn,16281,0.6707140434029742,0.24435719447430182,0.39752641320228577,0.5126171708106995,0.6571438312530518,0.8134322762489319,0.9524872303009033,1.265474104881287
157m,block4,14,7,attention,16281,0.3546853364465805,0.05724863248676557,0.2834774851799011,0.3171676993370056,0.3528274893760681,0.3910195529460907,0.42697224020957947,0.5036064982414246
157m,block4,15,7,ffn,16281,0.820441141136997,0.287905528930969,0.5058395862579346,0.6380196213722229,0.7954745888710022,0.9637326598167419,1.134018063545227,1.5569705963134775
157m,block4,16,8,attention,16281,0.20618448066763412,0.018085199874472352,0.18573860824108124,0.19342266023159027,0.20333486795425415,0.2159365862607956,0.2307889312505722,0.25984215736389166
157m,block4,17,8,ffn,16281,0.5371933087242535,0.19793318263198992,0.34575510025024414,0.4087570905685425,0.4975503385066986,0.6120493412017822,0.7659152746200562,1.2990436553955078
157m,block4,18,9,attention,16281,0.3840566919550806,0.06526103401095742,0.3093430697917938,0.3390149772167206,0.37563109397888184,0.4196840226650238,0.46715956926345825,0.5824699521064759
157m,block4,19,9,ffn,16281,0.9028823933170627,0.22730909564924548,0.6155086159706116,0.7463565468788147,0.8935402631759644,1.0428582429885864,1.1943926811218262,1.502084803581238
157m,block4,20,10,attention,16281,0.178920098474194,0.01874183457255806,0.15283913910388947,0.16728901863098145,0.1805512011051178,0.1916496902704239,0.20152927935123444,0.2195866882801056
157m,block4,21,10,ffn,16281,0.6539079759421655,0.41949152897322917,0.5016869902610779,0.561922013759613,0.6324155926704407,0.7068653106689453,0.7791483402252197,0.9293415307998658
157m,block4,22,11,attention,16281,0.4319148931516622,0.04369700275351113,0.3775060176849365,0.4011263847351074,0.4303646981716156,0.46025192737579346,0.48674342036247253,0.5410888314247134
157m,block4,23,11,ffn,16281,1.3305116435554658,0.3397773797940678,0.9754927158355713,1.1037863492965698,1.2745674848556519,1.4928367137908936,1.7455112934112549,2.450357818603518
157m,block4,24,12,attention,16281,0.19246414446238033,0.03355122582446291,0.15125933289527893,0.1697506159543991,0.1907031387090683,0.21234987676143646,0.2356233447790146,0.281836199760437
157m,block4,25,12,ffn,16281,0.1819930860406515,0.08348223536702414,0.09091993421316147,0.12187033891677856,0.16584467887878418,0.22369803488254547,0.29422077536582947,0.4447711765766147
157m,block4,26,13,attention,16281,0.12196455162397679,0.04458561849424337,0.07397262006998062,0.08948469907045364,0.11319927126169205,0.14617474377155304,0.17966483533382416,0.2612774193286896
157m,block4,27,13,ffn,16281,0.21316190462052184,0.1051299261573534,0.09931069612503052,0.1360984593629837,0.19210173189640045,0.2666455805301666,0.3567381203174591,0.5383689284324646
157m,block4,28,14,attention,16281,0.19416086443350214,0.06435209997996347,0.12017345428466797,0.1499345600605011,0.18460515141487122,0.22616147994995117,0.2736946642398834,0.40847557783126853
157m,block4,29,14,ffn,16281,0.36835294001284474,0.12548158623750982,0.22672924399375916,0.28271472454071045,0.3498871326446533,0.43404367566108704,0.5304690599441528,0.7466690063476572
157m,block4,30,15,attention,16281,0.1571517762335108,0.05680126077632382,0.08572763204574585,0.1159229651093483,0.15377600491046906,0.19391687214374542,0.23129063844680786,0.3063073813915253
157m,block4,31,15,ffn,16281,0.539765309931627,0.1524857186361304,0.3845633566379547,0.4456733465194702,0.5172386765480042,0.6045223474502563,0.7135311365127563,1.0429873466491701
157m,block4,32,16,attention,16281,0.19112559262196122,0.01851776904418942,0.16745443642139435,0.17774909734725952,0.19029644131660461,0.20350730419158936,0.2155158668756485,0.23731479942798617
157m,block4,33,16,ffn,16281,1.1668059527965517,0.2608539178215948,0.8907956480979919,1.006484866142273,1.136411190032959,1.2820401191711426,1.4595575332641602,2.057689523696903
157m,block4,34,17,attention,16281,0.5798100880671248,0.06952161968863559,0.5002713203430176,0.5245667695999146,0.5670536160469055,0.624890148639679,0.6770514845848083,0.7693674564361576
157m,block4,35,17,ffn,16281,1.4096232057679425,0.35332988038678004,1.0018759965896606,1.163460612297058,1.3742105960845947,1.5968897342681885,1.824346899986267,2.5849656581878686
157m,norm_rms,0,0,attention,16281,0.29409598882178123,0.07477556737184453,0.220931738615036,0.24212117493152618,0.27453726530075073,0.3283439576625824,0.3935900628566742,0.5474824786186219
157m,norm_rms,1,0,ffn,16281,2.3342239914307408,0.7703438291037967,1.3546983003616333,1.7783554792404175,2.3640899658203125,2.80194354057312,3.2236757278442383,4.453137302398682
157m,norm_rms,2,1,attention,16281,0.617326270215276,0.16611513099975136,0.40221408009529114,0.4686598479747772,0.6122252345085144,0.7648419737815857,0.8403218984603882,0.9223313212394715
157m,norm_rms,3,1,ffn,16281,3.870987096075036,1.3232779507208494,2.399409532546997,2.896304130554199,3.6742336750030518,4.665220737457275,5.556561470031738,7.458489227294923
157m,norm_rms,4,2,attention,16281,0.33375511280142056,0.026145993495605983,0.3008266091346741,0.31743982434272766,0.33335286378860474,0.3484237492084503,0.36360570788383484,0.41399919986724854
157m,norm_rms,5,2,ffn,16281,0.8085206726535182,0.21139751799359466,0.5774581432342529,0.6626304388046265,0.7787407636642456,0.9136026501655579,1.0734251737594604,1.484826469421387
157m,norm_rms,6,3,attention,16281,0.19352618315908732,0.04074780272109442,0.1520497351884842,0.17042109370231628,0.18869063258171082,0.20883287489414215,0.2318914532661438,0.365117168426514
157m,norm_rms,7,3,ffn,16281,0.743984050933892,0.29183106552849963,0.41980835795402527,0.5343530178070068,0.6879364848136902,0.9037352800369263,1.1780009269714355,1.5436181545257572
157m,norm_rms,8,4,attention,16281,0.2947109537539498,0.05566131933746577,0.21444052457809448,0.2649103105068207,0.3073091506958008,0.3334333300590515,0.3540513813495636,0.3899167478084565
157m,norm_rms,9,4,ffn,16281,0.5314734669593414,0.13577618729957683,0.37785208225250244,0.4399522542953491,0.5184197425842285,0.6056092381477356,0.6955145597457886,0.9021145105361941
157m,norm_rms,10,5,attention,16281,0.21977163604693187,0.029217683151629245,0.18461531400680542,0.2002507597208023,0.21812821924686432,0.23709768056869507,0.2568129003047943,0.30027014613151554
157m,norm_rms,11,5,ffn,16281,0.45708611559134926,0.125067320128269,0.30861371755599976,0.3674565255641937,0.44368883967399597,0.531846821308136,0.6214141845703125,0.8115927815437319
157m,norm_rms,12,6,attention,16281,0.20583903718588503,0.0397531031322598,0.17761391401290894,0.1862761527299881,0.19727587699890137,0.21096229553222656,0.22940875589847565,0.40856857895851156
157m,norm_rms,13,6,ffn,16281,0.4327657519215104,0.15899748671142824,0.30371183156967163,0.3552945554256439,0.4201066195964813,0.4891260266304016,0.5626960396766663,0.7138895392417909
157m,norm_rms,14,7,attention,16281,0.22677106715317302,0.07804637014055389,0.16862374544143677,0.18793714046478271,0.21009300649166107,0.23823320865631104,0.28433987498283386,0.6256898641586309
157m,norm_rms,15,7,ffn,16281,0.4669858988125753,0.11155871466869043,0.3395179510116577,0.39304548501968384,0.45745527744293213,0.529155969619751,0.601402759552002,0.760895037651062
157m,norm_rms,16,8,attention,16281,0.29674869008244686,0.06050435744086462,0.22161220014095306,0.2488294392824173,0.2901824712753296,0.3417779207229614,0.386078417301178,0.422474890947342
157m,norm_rms,17,8,ffn,16281,0.4684019566376711,0.10733253748373617,0.36739200353622437,0.405865877866745,0.45501086115837097,0.512839138507843,0.5787885785102844,0.7476758956909183
157m,norm_rms,18,9,attention,16281,0.2734398147312416,0.030205649497804,0.23786216974258423,0.2524014413356781,0.2708415389060974,0.2915361225605011,0.31180647015571594,0.35969893932342534
157m,norm_rms,19,9,ffn,16281,0.7519329351466086,0.18309625540277316,0.5610700845718384,0.6425637006759644,0.7368620038032532,0.8422024846076965,0.9557517766952515,1.2323753118515024
157m,norm_rms,20,10,attention,16281,0.17869158354125367,0.02932605183747528,0.14558401703834534,0.15699324011802673,0.1739206612110138,0.1953524500131607,0.21891948580741882,0.2644606053829194
157m,norm_rms,21,10,ffn,16281,1.0510092339716455,0.23103581098947445,0.7695033550262451,0.8994566202163696,1.0451580286026,1.1987762451171875,1.342031717300415,1.6407357454299936
157m,norm_rms,22,11,attention,16281,0.620079682883765,0.2974670563381473,0.22854655981063843,0.3582717478275299,0.6084643602371216,0.8802494406700134,1.0292900800704956,1.1681070327758791
157m,norm_rms,23,11,ffn,16281,0.9290070654459993,0.27280749637350477,0.6002238392829895,0.7479763627052307,0.9116678833961487,1.0963126420974731,1.2857394218444824,1.6337634801864633
157m,norm_rms,24,12,attention,16281,0.18585103563769875,0.08517431889150322,0.10077716410160065,0.12239053845405579,0.16331586241722107,0.22532370686531067,0.30622363090515137,0.4595943808555608
157m,norm_rms,25,12,ffn,16281,1.1319479861537367,0.3946952321959112,0.6280751824378967,0.8659084439277649,1.1134155988693237,1.377493143081665,1.6567721366882324,2.1554865837097172
157m,norm_rms,26,13,attention,16281,0.4872960824706793,0.12464399659128461,0.368972510099411,0.40335866808891296,0.45238053798675537,0.5293473601341248,0.6767391562461853,0.8791584968566897
157m,norm_rms,27,13,ffn,16281,1.103332327195434,0.45068831102130036,0.5756668448448181,0.7927035689353943,1.0547269582748413,1.334251046180725,1.69773268699646,2.442928457260132
157m,norm_rms,28,14,attention,16281,0.19962149748644908,0.1312074230103752,0.08178693056106567,0.10425569862127304,0.1510615050792694,0.2527311146259308,0.408756822347641,0.5901438117027283
157m,norm_rms,29,14,ffn,16281,1.4738777247307584,0.6437382906003011,0.6817383766174316,1.0384248495101929,1.4147084951400757,1.8484323024749756,2.317328929901123,3.3248468399047857
157m,norm_rms,30,15,attention,16281,0.27751034018121107,0.08711777611034603,0.18687382340431213,0.21198393404483795,0.2518101930618286,0.3262034058570862,0.4203251302242279,0.49448055028915405
157m,norm_rms,31,15,ffn,16281,1.5754661853459813,0.7503397640468753,0.6340969204902649,1.0072261095046997,1.509635329246521,2.067282199859619,2.5784080028533936,3.5670801639556933
157m,norm_rms,32,16,attention,16281,0.6143903652947758,0.06636003553888345,0.5225073099136353,0.5717111229896545,0.6229693293571472,0.6626461744308472,0.6921411752700806,0.7383025765419009
157m,norm_rms,33,16,ffn,16281,1.032100109024572,0.3728100010559398,0.5890299081802368,0.7827484607696533,0.9785116910934448,1.2688522338867188,1.5463721752166748,2.0114222049713137
157m,norm_rms,34,17,attention,16281,0.9057730269530182,0.12250046291399848,0.7228612899780273,0.8230538368225098,0.9261821508407593,1.0004035234451294,1.0506700277328491,1.1144910097122194
157m,norm_rms,35,17,ffn,16281,1.5375438911342538,0.4139878688686049,1.0896564722061157,1.290666937828064,1.4825410842895508,1.7598055601119995,2.1147236824035645,2.620362329483032
