step,tokens,nll,lr,grad_norm,seconds,tokens_per_second,peak_allocated,peak_reserved
500,21313617,6.169674822568453,0.00010006671114076051,0.8844450116157532,0.3886805735528469,107211.4297328889,10984090112,14984151040
1000,42677274,5.272652733418283,0.00020013342228152102,1.3529249429702759,0.3849257007241249,117739.60511013377,10984090112,14998831104
1500,63994697,4.925594793936619,0.0003,0.8050252199172974,0.375883050262928,114759.09852765805,10984090112,14998831104
2000,85415773,4.581438460120728,0.00029996916479353643,0.8054274916648865,0.3629191592335701,109324.6222761831,10984090112,14998831104
2500,106671567,4.270968120045472,0.00029987667326021925,0.6579351425170898,0.41765330359339714,98464.44322642285,10984090112,14998831104
3000,127946923,4.275503150917973,0.00029972256765183395,0.6812030076980591,0.36299939826130867,111936.82467415534,10984090112,14998831104
3500,149254101,4.066006419182276,0.0002995069183665769,0.6774048805236816,0.45497917383909225,97272.5842076717,10984090112,14998831104
4000,170677133,3.9426298300667684,0.000299229823916896,0.6824920773506165,0.3801508955657482,118981.7004973415,10984090112,14998831104
4500,192093507,3.9928930384770447,0.00029889141088448856,0.7999967336654663,0.3628636710345745,109368.8984814868,10984090112,14998831104
5000,213431595,3.9348067516827405,0.00029849183386247637,0.7408924102783203,0.44561993703246117,89349.68274792339,10984090112,14998831104
5500,234827303,3.908936765357526,0.000298031275384785,0.793255090713501,0.37461529299616814,114458.75489241864,10984090112,14998831104
6000,256138234,3.8179421195615864,0.00029750994584275877,0.7770777940750122,0.3746436648070812,99878.907652872,10984090112,14998831104
6500,277417304,3.6851494810534393,0.00029692808338905056,0.6752476692199707,0.3695032447576523,117289.90371498615,10984090112,14998831104
7000,298740044,3.709108981583369,0.00029628595382882915,0.6954041719436646,0.4314829036593437,97936.67290549881,10984090112,14998831104
7500,320087697,3.7699870102978346,0.00029558385049835477,0.757857084274292,0.3669422008097172,119683.69923952615,10984090112,14998831104
8000,341372652,3.671139201966057,0.00029482209413097784,0.6697009205818176,0.3704020120203495,115965.89274909272,10984090112,14998831104
8500,362739634,3.5394148329615294,0.00029400103271062225,0.7352511286735535,0.451553400605917,86118.27515376803,10984090112,14998831104
9000,384116587,3.6997363400365924,0.00029312104131282006,0.7694235444068909,0.3793204315006733,123196.63302902537,10984090112,14998831104
9500,405414594,3.526030879122447,0.0002921825219333704,0.6989888548851013,0.36926044896245,118656.08711442458,10984090112,14998831104
10000,426683756,3.6909283681897858,0.0002911859033047005,0.7643772959709167,0.3672085739672184,113415.10779570721,10984090112,14998831104
10500,447981340,3.620776516208873,0.0002901316407000129,0.7461865544319153,0.3733391985297203,107950.08978086637,10984090112,14998831104
11000,469297277,3.6678327560340644,0.0002890202157253089,0.686994194984436,0.3753680847585201,120750.80924676612,10984090112,14998831104
11500,490680572,3.4283205419554745,0.00028785213609938204,0.7342957258224487,0.3597842901945114,118293.10272827822,10984090112,14998831104
12000,512030078,3.4339763643416084,0.00028662793542188315,0.8163902759552002,0.44285469874739647,100421.19938162099,10984090112,14998831104
12500,533410637,3.4534186654604313,0.0002853481729295625,0.7302358150482178,0.3732295110821724,129941.49326343703,10984090112,14998831104
13000,554712495,3.6276508939598724,0.00028401343324080045,0.7294155955314636,0.38844242319464684,110474.54510007646,10984090112,14998831104
13500,576158528,3.5625936934698617,0.0002826243260885433,0.7239493131637573,0.3684324435889721,121533.81380808524,10984090112,14998831104
14000,597509459,3.6006860628816693,0.00028118148604176654,0.7554129958152771,0.36796869710087776,101465.15259085862,10984090112,14998831104
14500,618811449,3.5348975611612246,0.00027968557221559213,0.7666125297546387,0.37365739792585373,107697.58667533561,10984090112,14998831104
15000,640173886,3.5425006019356307,0.00027813726797019326,0.6390075087547302,0.46024494990706444,97854.41428329448,10984090112,14998831104
15500,661482728,3.5505258045600314,0.0002765372805986227,0.6840774416923523,0.3845367059111595,120017.15126426028,10984090112,14998831104
16000,682764507,3.396507119130188,0.00027488634100370933,0.7168084979057312,0.37760812044143677,118938.1201534976,10984090112,14998831104
16500,704181017,3.2636109987613438,0.0002731852033641682,0.6976529955863953,0.4458165504038334,88733.8075810921,10984090112,14998831104
17000,725494530,3.4676232740368205,0.0002714346447900784,0.678911566734314,0.4706459529697895,99599.28414174411,10984090112,14998831104
17500,746835410,3.480787582864176,0.0002696354649678852,0.7834135890007019,0.3627311848104,113116.82512615217,10984090112,14998831104
18000,768166283,3.4382934674343786,0.0002677884857950892,0.735065758228302,0.45606784895062447,102914.51175081947,10984090112,14998831104
18500,789407715,3.476981451504452,0.0002658945510047885,0.701509952545166,0.3685435280203819,118539.59350382062,10984090112,14998831104
19000,810689856,3.369523855638032,0.00026395452578024654,0.844447672367096,0.3721606507897377,111854.92048034619,10984090112,14998831104
19500,831939151,3.4304430346897177,0.0002619692963596611,0.7000601887702942,0.3680279292166233,125971.41770920232,10984090112,14998831104
20000,853319244,3.4324319109052817,0.00025993976963131456,0.6707269549369812,0.37119705602526665,122158.83521692979,10984090112,14998831104
20500,874670525,3.355607204458861,0.00025786687271929124,0.6375037431716919,0.4218031279742718,115112.94435673709,10984090112,14998831104
21000,896064657,3.528302952563842,0.0002557515525599505,0.7760587930679321,0.3769136108458042,117607.8515724778,10984090112,14998831104
21500,917371317,3.419913613525634,0.00025359477546934954,0.8145346641540527,0.3804871551692486,118676.80521281755,10984090112,14998831104
22000,938578571,3.469461891113566,0.0002513975267018123,0.7718927264213562,0.360457219183445,114277.08423572019,10984090112,14998831104
22500,959947686,3.3392071960477514,0.00024916080999984856,0.7026703357696533,0.470498651266098,100858.95012090403,10984090112,14998831104
23000,981317909,3.3938009883681457,0.0002468856471356258,0.7763755321502686,0.4533534646034241,97471.40686054934,10984090112,14998831104
23500,1002635514,3.4070294834908394,0.0002445730774442056,0.7643582820892334,0.46880246698856354,91979.03815862794,10984090112,14998831104
24000,1023896611,3.290605252426253,0.00024222415734875672,0.8928345441818237,0.3834325782954693,118912.69177671427,10984090112,14998831104
24500,1045235893,3.4028559887770897,0.00023983995987796237,0.8797232508659363,0.43464747071266174,92891.37225117144,10984090112,14998831104
25000,1066624991,3.328541926125429,0.00023742157417584118,0.7513771653175354,0.3610314801335335,113704.76609080352,10984090112,14998831104
25500,1087954373,3.4930037203698987,0.00023497010500420705,0.7094593644142151,0.3739056997001171,120781.79079971339,10984090112,14998831104
26000,1109298015,3.307570471133991,0.00023248667223799388,0.9226245880126953,0.3765817880630493,115738.47005236156,10984090112,14998831104
26500,1130621273,3.2620742824752313,0.0002299724103536771,0.7428892254829407,0.35780981183052063,112554.20804132565,10984090112,14998831104
27000,1151935294,3.4787346497967095,0.0002274284679110241,0.7407676577568054,0.3685920275747776,114771.88011457365,10984090112,14998831104
27500,1173327093,3.3180914730949196,0.00022485600702841204,0.7783347368240356,0.37881165370345116,118475.76377661774,10984090112,14998831104
28000,1194673182,3.242719144630175,0.00022225620285195102,0.7454586029052734,0.3631508871912956,120586.23989243452,10984090112,14998831104
28500,1216060050,3.3513317021447873,0.00021963024301865653,0.8034776449203491,0.4453325681388378,88913.32642811668,10984090112,14998831104
29000,1237502049,3.433171161067838,0.0002169793271139156,0.7735105752944946,0.3762396089732647,112093.46117249674,10984090112,14998831104
29500,1258764310,3.35846853449054,0.0002143046661234948,0.743911862373352,0.368433628231287,112758.4368436652,10984090112,14998831104
30000,1280094060,3.3225304830837907,0.00021160748188034012,0.7562426924705505,0.4471806213259697,104698.1862970121,10984090112,14998831104
30500,1301380241,3.3137692625845787,0.00020888900650642208,0.9234607815742493,0.4220009446144104,95608.79072644199,10984090112,14998831104
31000,1322783574,3.3478010518534638,0.00020615048184988025,0.7947012186050415,0.36179131269454956,107968.31938576416,10984090112,14998831104
31500,1344088593,3.2731386386883097,0.0002033931589177249,0.8671998381614685,0.4643881432712078,92894.27524166212,10984090112,14998831104
32000,1365380512,3.3048633443589055,0.00020061829730435446,0.8862958550453186,0.3633149415254593,112442.38904261331,10984090112,14998831104
32500,1386821132,3.222727971882699,0.00019782716461615057,0.9153177738189697,0.47866298258304596,98365.65958352781,10984090112,14998831104
33000,1408173794,3.4117690502733025,0.00019502103589241258,0.7286842465400696,0.362165130674839,119972.89722242892,10984090112,14998831104
33500,1429471752,3.267646178278474,0.0001922011930228969,0.7517205476760864,0.46237488463521004,103223.59969368781,10984090112,14998831104
34000,1450848550,3.2476819583412935,0.00018936892416222692,0.7971991300582886,0.3618467301130295,115728.55719027574,10984090112,14998831104
34500,1472144552,3.3426103699385346,0.00018652552314144086,0.9042059779167175,0.357087854295969,103879.19822457747,10984090112,14998831104
35000,1493522868,3.095858941891313,0.00018367228887694657,0.7691437602043152,0.3692217133939266,113831.33351953981,10984090112,14998831104
35500,1515014971,3.284373883233809,0.00018081052477715356,0.7707352638244629,0.3705987520515919,117034.93268634091,10984090112,14998831104
36000,1536305771,3.2627988605466514,0.00017794153814705237,0.8034167289733887,0.42417751625180244,102963.96750570208,10984090112,14998831104
36500,1557577471,3.272210952445582,0.00017506663959101457,0.8658809661865234,0.3598727732896805,107487.98706386946,10984090112,14998831104
37000,1578908135,3.250703011170471,0.00017218714241408513,0.7603347897529602,0.44514870271086693,115635.51614668874,10984090112,14998831104
37500,1600286247,3.361350463499338,0.00016930436202204136,0.8190563321113586,0.3783399611711502,115779.46951309306,10984090112,14998831104
38000,1621597032,3.280304007992994,0.00016641961532049172,0.7658456563949585,0.4258447140455246,100219.63075356511,10984090112,14998831104
38500,1642918893,3.2650794581911264,0.00016353422011329018,0.778012752532959,0.3748377375304699,117250.73438324065,10984090112,14998831104
39000,1664176205,3.275844858078123,0.00016064949450053954,0.7935264110565186,0.3673325181007385,123914.9755522515,10984090112,14998831104
39500,1685548466,3.1236538350870053,0.00015776675627645996,0.8403850197792053,0.42035649344325066,89136.24645852753,10984090112,14998831104
40000,1706885643,3.2035345619132647,0.00015488732232739693,0.8744515776634216,0.3759237043559551,124394.9223157287,10984090112,14998831104
40500,1728200221,3.1722710696514085,0.00015201250803024402,0.9408091902732849,0.44257669150829315,84457.67867397865,10984090112,14998831104
41000,1749564008,3.2307112167474177,0.0001491436266515553,0.9954091310501099,0.3806038983166218,114964.66587317947,10984090112,14998831104
41500,1771011772,3.287293109642772,0.00014628198874762154,0.9136615991592407,0.36898307874798775,125406.83479852488,10984090112,14998831104
42000,1792420042,3.1631436903612404,0.00014342890156578491,0.8433949947357178,0.36740973591804504,119798.13188678825,10984090112,14998831104
42500,1813730859,3.259091086603349,0.00014058566844726475,0.8289538621902466,0.3724873922765255,107413.03150013078,10984090112,14998831104
43000,1835077099,3.2772825671138985,0.00013775358823176832,0.8576290607452393,0.3638458587229252,118093.96471026173,10984090112,14998831104
43500,1856537033,3.171578400735294,0.00013493395466415727,0.9768557548522949,0.37298449128866196,113945.75643926223,10984090112,14998831104
44000,1877942288,3.14050427050981,0.00013212805580344207,0.8534672260284424,0.37026264518499374,106959.20994194059,10984090112,14998831104
44500,1899318651,3.1968462160183813,0.00012933717343437375,0.8922445178031921,0.3827437236905098,128495.90197269498,10984090112,14998831104
45000,1920720649,3.156350638398978,0.00012656258248190132,0.8963251709938049,0.3702519163489342,108345.15158105131,10984090112,14998831104
45500,1942017261,3.2288713186319935,0.00012380555042876366,0.8391116261482239,0.44796014204621315,96359.01936013528,10984090112,14998831104
46000,1963404425,3.2829381697029594,0.00012106733673648045,0.8527963161468506,0.37244148179888725,109689.71501960675,10984090112,14998831104
46500,1984734182,3.1810147128667405,0.00011834919227000805,0.8892068862915039,0.3577132299542427,111100.16815727962,10984090112,14998831104
47000,2006057902,3.1573861534040812,0.00011565235872632154,0.885758638381958,0.34709669277071953,114362.94504315888,10984090112,14998831104
47500,2027361021,3.1922919827856844,0.00011297806806718554,0.7771421670913696,0.3794158697128296,125930.42045437764,10984090112,14998831104
48000,2048702828,3.104098291221456,0.00011032754195637225,0.8708814978599548,0.36715590208768845,120823.33348792304,10984090112,14998831104
48500,2069996476,3.2525557855411953,0.0001077019912015833,0.8259280323982239,0.4442679286003113,100317.84229938396,10984090112,14998831104
49000,2091298435,3.1591359872408518,0.00010510261520133143,0.870637834072113,0.37943151965737343,116318.74979667977,10984090112,14998831104
49500,2112657970,3.1699166697251333,0.0001025306013970335,0.8394657373428345,0.4567181468009949,96943.81602772688,10984090112,14998831104
50000,2133921928,3.266412094805463,9.998712473056636e-05,0.8430121541023254,0.36764736846089363,125068.21466584485,10984090112,14998831104
50500,2155189801,3.2127534878727873,9.747334710753208e-05,0.8987705707550049,0.3717424310743809,122942.65109288915,10984090112,14998831104
51000,2176524189,3.172669821984184,9.499041686647908e-05,1.0056369304656982,0.370281707495451,124988.62099626829,10984090112,14998831104
51500,2197795820,3.1743245932321975,9.253946825432009e-05,0.9073646068572998,0.36519861593842506,111051.89951442207,10984090112,14998831104
52000,2219171557,3.1969297037362687,9.012162090818836e-05,0.9415936470031738,0.36550749465823174,119797.81711711026,10984090112,14998831104
52500,2240558358,3.19854950702715,8.773797934396693e-05,0.9044756293296814,0.4464062787592411,88780.11328638726,10984090112,14998831104
53000,2261944390,3.1882718686951557,8.538963245172663e-05,0.902320146560669,0.3724357523024082,110459.32015301312,10984090112,14998831104
53500,2283386831,3.0772420856018905,8.307765299830093e-05,0.8762550354003906,0.4120730757713318,101401.91741910213,10984090112,14998831104
54000,2304718181,3.180292280499907,8.080309713722748e-05,0.8838621377944946,0.37098799273371696,116116.96562621632,10984090112,14998831104
54500,2326129141,3.1450077859510697,7.856700392627801e-05,0.8438253998756409,0.41326967999339104,108943.39018705656,10984090112,14998831104
55000,2347468284,3.058699945640852,7.637039485279807e-05,0.8771905303001404,0.35996509343385696,106682.56645017251,10984090112,14998831104
55500,2368777818,3.193698817985167,7.421427336707369e-05,0.8764951229095459,0.36978473514318466,131265.55908589571,10984090112,14998831104
56000,2390055006,3.0415714075039118,7.209962442393694e-05,0.8968672752380371,0.3687918931245804,107448.13196480453,10984090112,14998831104
56500,2411282913,3.04877095127901,7.002741403282143e-05,0.9035831093788147,0.36723099276423454,111349.53423240171,10984090112,14998831104
57000,2432647114,3.1979863887923043,6.799858881647142e-05,0.9824591875076294,0.3611757569015026,107498.90948685231,10984090112,14998831104
57500,2454015158,3.1740729074188305,6.601407557850811e-05,1.0457323789596558,0.36851315945386887,117678.29421415446,10984090112,14998831104
58000,2475348132,3.1078031495977796,6.40747808800488e-05,0.983601987361908,0.4264340102672577,101591.33407968313,10984090112,14998831104
58500,2496664389,3.1107938021520773,6.218159062557386e-05,0.855423629283905,0.410838358104229,108804.34876204873,10984090112,14998831104
59000,2517986460,2.998882638214962,6.033536965822948e-05,0.8772631883621216,0.3686611168086529,113201.5232885566,10984090112,14998831104
59500,2539277208,3.099852208884623,5.853696136475204e-05,0.9140619039535522,0.35915643349289894,111321.96522602596,10984090112,14998831104
60000,2560609745,3.1514669807318394,5.678718729019394e-05,0.8819071650505066,0.3769918940961361,115278.3406767828,10984090112,14998831104
60500,2581981240,3.0790179831540483,5.5086846762627064e-05,1.0093306303024292,0.36927294358611107,109130.65985459246,10984090112,14998831104
61000,2603282900,3.146751310538041,5.3436716527995535e-05,0.8880937695503235,0.37161291390657425,120184.1979345968,10984090112,14998831104
61500,2624577754,3.0403526355148127,5.1837550395284144e-05,0.895459771156311,0.36913303658366203,115584.34431898913,10984090112,14998831104
62000,2645879984,3.182076325132411,5.029007889216512e-05,0.9024910926818848,0.3627528250217438,109821.33632622178,10984090112,14998831104
62500,2667170172,3.105329006169992,4.87950089312798e-05,0.9885265827178955,0.43746957555413246,99104.0347093469,10984090112,14998831104
63000,2688526896,3.097588042473872,4.735302348730856e-05,0.889350414276123,0.36507995054125786,118201.50609756167,10984090112,14998831104
63500,2709871872,3.121252705399852,4.5964781284975553e-05,0.8672025799751282,0.36788317561149597,121041.14281927633,10984090112,14998831104
64000,2731249731,3.228776592809932,4.463091649813163e-05,0.8789662718772888,0.3701143004000187,119365.82821104572,10984090112,14998831104
64500,2752550943,3.088507922767784,4.335203846005222e-05,0.895283043384552,0.42810482159256935,99463.95801289214,10984090112,14998831104
65000,2773843928,3.080605892409866,4.2128731385083296e-05,0.9801440238952637,0.4209817834198475,96258.32184663959,10984090112,14998831104
65500,2795194619,3.0313134155159545,4.096155410176143e-05,0.8555053472518921,0.43646811321377754,110502.91771572545,10984090112,14998831104
66000,2816410452,3.141703886358484,3.985103979753127e-05,0.9598913192749023,0.3745912276208401,111873.94928110308,10984090112,14998831104
66500,2837736581,3.025653926984025,3.879769577517581e-05,0.8889086246490479,0.36097336933016777,107514.85648932196,10984090112,14998831104
67000,2859087941,3.0469309155935624,3.780200322107143e-05,0.9593101739883423,0.3749483674764633,116914.76427818234,10984090112,14998831104
67500,2880446451,2.9964450743140243,3.686441698537343e-05,0.914979875087738,0.3549404703080654,109043.63756098996,10984090112,14998831104
68000,2901861054,3.0672250813310264,3.598536537423218e-05,0.9503735303878784,0.43523697182536125,94284.2696195986,10984090112,14998831104
68500,2923202238,2.969890995693168,3.5165249954135467e-05,0.8825018405914307,0.3773093782365322,117076.33721287383,10984090112,14998831104
69000,2944399861,3.040937056269866,3.440444536846552e-05,0.9526970982551575,0.363436471670866,105608.55332857008,10984090112,14998831104
69500,2965787326,3.0174607426857576,3.3703299166355364e-05,0.9019036889076233,0.3699309565126896,117619.24552131246,10984090112,14998831104
70000,2987147947,2.9284233473709924,3.3062131643922044e-05,0.9284980297088623,0.3649127595126629,113591.53364589764,10984090112,14998831104
70500,3008412567,3.0148311777729777,3.24812356979498e-05,0.9046205878257751,0.3616667501628399,128004.57874315443,10984090112,14998831104
71000,3029764861,3.153941837307528,3.1960876692089366e-05,0.8905817866325378,0.3727125898003578,119185.67071693094,10984090112,14998831104
71500,3051077348,3.0792338549891136,3.1501292335635295e-05,0.9402095675468445,0.35922152549028397,116351.60210111205,10984090112,14998831104
72000,3072361475,3.0868247206090835,3.110269257493598e-05,0.984566330909729,0.3767823465168476,102029.72712332488,10984090112,14998831104
72500,3093658509,3.005836292479695,3.0765259497486556e-05,0.9515084028244019,0.43219567462801933,92016.19158782245,10984090112,14998831104
73000,3115058007,3.0752105068749245,3.0489147248747865e-05,1.0181201696395874,0.362986046820879,114205.49181731111,10984090112,14998831104
73500,3136390350,3.1081431894227527,3.027448196173025e-05,0.9766480326652527,0.3661562353372574,113454.30171832714,10984090112,14998831104
74000,3157759675,3.074388832222549,3.012136169937366e-05,1.0237332582473755,0.36787596717476845,106351.06256183675,10984090112,14998831104
74500,3178934227,2.974416311155414,3.002985640975074e-05,0.9745162129402161,0.3589167818427086,108657.49937847958,10984090112,14998831104
74992,3200000000,3.0901429232749194,2.9999999999999997e-05,1.2873307466506958,0.3724304363131523,56461.55080171518,10984090112,14998831104
